"","SITE_ID","DSGN_CYCLE","SITETYPE","IND_DOMAIN","UNIQUE_ID","WGT_CAT","WGT_SP","WGT_TP"
"1","NLA06608-0203",2007,"PROB","CORE","NLA_AL-10003","SAP_>50",5.763444752,0
"2","NLA06608-0283",2007,"PROB","CORE","NLA_AL-10005","CPL_>50",13.17706804,0
"3","NLA06608-0395",2007,"PROB","CORE","NLA_AL-10007","SAP_>50",4.512108505,0
"4","NLA06608-0459",2007,"PROB","CORE","NLA_AL-10009","SAP_>50",10.36751041,0
"5","NLA06608-0618",2007,"PROB","CORE","NLA_AL-10010","CPL_>50",2.634200571,0
"6","NLA06608-0651",2007,"PROB","CORE","NLA_AL-10011","SAP_>50",4.512108505,0
"7","NLA06608-0843",2007,"PROB","CORE","NLA_AL-10013","SAP_(20,50]",22.94328221,0
"8","NLA06608-1323",2007,"PROB","CORE","NLA_AL-10019","SAP_>50",4.512108505,0
"9","NLA06608-1871",2007,"PROB","CORE","NLA_AL-10023","SAP_(20,50]",22.94328221,0
"10","NLA06608-2091",2007,"PROB","CORE","NLA_AL-10027","CPL_>50",13.17706804,0
"11","NLA06608-2154",2007,"PROB","CORE","NLA_AL-10028","CPL_(20,50]",28.94460473,0
"12","NLA06608-2187",2007,"PROB","CORE","NLA_AL-10029","SAP_>50",4.512108505,0
"13","NLA06608-2831",2007,"PROB","CORE","NLA_AL-10035","SAP_>50",3.265352994,0
"14","NLA06608-2955",2007,"PROB","CORE","NLA_AL-10037","SAP_>50",11.41587197,0
"15","NLA06608-0080",2007,"PROB","CORE","NLA_AR-10001","CPL_>50",21.73968701,0
"16","NLA06608-0176",2007,"PROB","CORE","NLA_AR-10002","CPL_(20,50]",2.35264597,0
"17","NLA06608-0208",2007,"PROB","CORE","NLA_AR-10003","CPL_>50",21.73968701,0
"18","NLA06608-0436",2007,"PROB","CORE","NLA_AR-10005","SAP_>50",4.512108505,0
"19","NLA06608-0500",2007,"PROB","CORE","NLA_AR-10006","SAP_>50",20.73854091,0
"20","NLA06608-1204",2007,"PROB","CORE","NLA_AR-10014","SAP_>50",4.512108505,0
"21","NLA06608-1288",2007,"PROB","CORE","NLA_AR-10015","CPL_>50",2.634200571,0
"22","NLA06608-1484",2007,"PROB","CORE","NLA_AR-10018","SAP_(20,50]",41.67970681,0
"23","NLA06608-1808",2007,"PROB","CORE","NLA_AR-10020","CPL_>50",23.93800187,0
"24","NLA06608-2076",2007,"PROB","CORE","NLA_AR-10023","SAP_(20,50]",41.67970681,0
"25","NLA06608-0061",2007,"PROB","CORE","NLA_AZ-10001","XER_>50",1.608978926,0
"26","NLA06608-0127",2007,"PROB","CORE","NLA_AZ-10002","XER_(20,50]",4.503625106,0
"27","NLA06608-0130",2007,"PROB","CORE","NLA_AZ-10003","XER_(20,50]",4.177346414,0
"28","NLA06608-0132",2007,"PROB","CORE","NLA_AZ-10004","WMT_>50",1.611587166,0
"29","NLA06608-0569",2007,"PROB","CORE","NLA_AZ-10008","WMT_>50",1.77455069,0
"30","NLA06608-0617",2007,"PROB","CORE","NLA_AZ-10011","WMT_>50",1.77455069,0
"31","NLA06608-0770",2007,"PROB","CORE","NLA_AZ-10014","XER_(10,20]",7.34143914,0
"32","NLA06608-0809",2007,"PROB","CORE","NLA_AZ-10015","WMT_>50",2.774979131,0
"33","NLA06608-0834",2007,"PROB","CORE","NLA_AZ-10016","XER_>50",1.734650941,0
"34","NLA06608-0836",2007,"PROB","CORE","NLA_AZ-10017","XER_>50",1.608978926,0
"35","NLA06608-0873",2007,"PROB","CORE","NLA_AZ-10018","WMT_(20,50]",5.209887807,0
"36","NLA06608-0877",2007,"PROB","CORE","NLA_AZ-10019","XER_>50",1.461220466,0
"37","NLA06608-0895",2007,"PROB","CORE","NLA_AZ-10020","XER_>50",2.712585326,0
"38","NLA06608-1129",2007,"PROB","CORE","NLA_AZ-10025","WMT_>50",1.77455069,0
"39","NLA06608-1151",2007,"PROB","CORE","NLA_AZ-10026","WMT_>50",1.611587166,0
"40","NLA06608-1577",2007,"PROB","CORE","NLA_AZ-10031","WMT_>50",1.611587166,0
"41","NLA06608-1593",2007,"PROB","CORE","NLA_AZ-10032","WMT_>50",1.611587166,0
"42","NLA06608-1602",2007,"PROB","CORE","NLA_AZ-10033","XER_>50",1.734650941,0
"43","NLA06608-1641",2007,"PROB","CORE","NLA_AZ-10035","WMT_>50",1.611587166,0
"44","NLA06608-2217",2007,"PROB","CORE","NLA_AZ-10043","WMT_(20,50]",5.209887807,0
"45","NLA06608-2372",2007,"PROB","CORE","NLA_AZ-10045","WMT_>50",1.645988017,0
"46","NLA06608-0137",2007,"PROB","CORE","NLA_CA-10002","WMT_>50",2.774979131,0
"47","NLA06608-0173",2007,"PROB","CORE","NLA_CA-10003","XER_>50",32.77733152,0
"48","NLA06608-0181",2007,"PROB","CORE","NLA_CA-10004","WMT_>50",13.63354548,0
"49","NLA06608-0201",2007,"PROB","CORE","NLA_CA-10005","WMT_>50",14.69841657,0
"50","NLA06608-0245",2007,"PROB","CORE","NLA_CA-10006","XER_>50",13.32700307,0
"51","NLA06608-0373",2007,"PROB","CORE","NLA_CA-10008","WMT_>50",14.69841657,0
"52","NLA06608-0393",2007,"PROB","CORE","NLA_CA-10009","XER_>50",2.712585326,0
"53","NLA06608-0501",2007,"PROB","CORE","NLA_CA-10012","WMT_>50",12.38152679,0
"54","NLA06608-0565",2007,"PROB","CORE","NLA_CA-10013","XER_(10,20]",60.80836759,0
"55","NLA06608-0649",2007,"PROB","CORE","NLA_CA-10015","WMT_>50",13.34860685,0
"56","NLA06608-0693",2007,"PROB","CORE","NLA_CA-10016","XER_>50",12.10313531,0
"57","NLA06608-0713",2007,"PROB","CORE","NLA_CA-10017","WMT_>50",2.774979131,0
"58","NLA06608-0885",2007,"PROB","CORE","NLA_CA-10019","XER_(20,50]",34.60052062,0
"59","NLA06608-1141",2007,"PROB","CORE","NLA_CA-10022","XER_>50",12.10313531,0
"60","NLA06608-1269",2007,"PROB","CORE","NLA_CA-10025","XER_(20,50]",34.60052062,0
"61","NLA06608-1397",2007,"PROB","CORE","NLA_CA-10026","WMT_>50",2.774979131,0
"62","NLA06608-1417",2007,"PROB","CORE","NLA_CA-10027","XER_>50",12.10313531,0
"63","NLA06608-1461",2007,"PROB","CORE","NLA_CA-10028","XER_>50",2.712585326,0
"64","NLA06608-1481",2007,"PROB","CORE","NLA_CA-10029","WMT_(20,50]",43.15295229,0
"65","NLA06608-1717",2007,"PROB","CORE","NLA_CA-10035","XER_>50",13.32700307,0
"66","NLA06608-1781",2007,"PROB","CORE","NLA_CA-10037","XER_>50",2.712585326,0
"67","NLA06608-0004",2007,"PROB","CORE","NLA_CO-10001","WMT_>50",7.538411019,0
"68","NLA06608-0068",2007,"PROB","CORE","NLA_CO-10003","WMT_>50",7.538411019,0
"69","NLA06608-0079",2007,"PROB","CORE","NLA_CO-10004","WMT_>50",8.300694344,0
"70","NLA06608-0228",2007,"PROB","CORE","NLA_CO-10007","SPL_>50",2.407572005,0
"71","NLA06608-0276",2007,"PROB","CORE","NLA_CO-10008","WMT_(20,50]",24.36993574,0
"72","NLA06608-0372",2007,"PROB","CORE","NLA_CO-10010","SPL_(20,50]",12.63766931,0
"73","NLA06608-0452",2007,"PROB","CORE","NLA_CO-10012","SPL_(4,10]",187.90625,0
"74","NLA06608-0468",2007,"PROB","CORE","NLA_CO-10013","WMT_(4,10]",199.875,0
"75","NLA06608-0495",2007,"PROB","CORE","NLA_CO-10014","WMT_>50",8.300694344,0
"76","NLA06608-0511",2007,"PROB","CORE","NLA_CO-10016","WMT_>50",7.538411019,0
"77","NLA06608-0596",2007,"PROB","CORE","NLA_CO-10019","WMT_>50",8.300694344,0
"78","NLA06608-0635",2007,"PROB","CORE","NLA_CO-10021","SPL_>50",3.687249552,0
"79","NLA06608-0687",2007,"PROB","CORE","NLA_CO-10022","WMT_(10,20]",38.62136589,0
"80","NLA06608-0715",2007,"PROB","CORE","NLA_CO-10024","WMT_>50",7.538411019,0
"81","NLA06608-0827",2007,"PROB","CORE","NLA_CO-10027","SPL_(10,20]",13.54656372,0
"82","NLA06608-0864",2007,"PROB","CORE","NLA_CO-10028","SPL_>50",3.687249552,0
"83","NLA06608-0880",2007,"PROB","CORE","NLA_CO-10029","SPL_>50",3.687249552,0
"84","NLA06608-0916",2007,"PROB","CORE","NLA_CO-10030","WMT_(10,20]",38.62136589,0
"85","NLA06608-1083",2007,"PROB","CORE","NLA_CO-10031","SPL_>50",3.687249552,0
"86","NLA06608-1147",2007,"PROB","CORE","NLA_CO-10032","SPL_>50",3.348635849,0
"87","NLA06608-1339",2007,"PROB","CORE","NLA_CO-10034","SPL_>50",3.348635849,0
"88","NLA06608-1403",2007,"PROB","CORE","NLA_CO-10035","SPL_>50",3.687249552,0
"89","NLA06608-1455",2007,"PROB","CORE","NLA_CO-10036","WMT_(4,10]",199.875,0
"90","NLA06608-1476",2007,"PROB","CORE","NLA_CO-10038","SPL_>50",3.348635849,0
"91","NLA06608-1483",2007,"PROB","CORE","NLA_CO-10039","WMT_>50",7.538411019,0
"92","NLA06608-1595",2007,"PROB","CORE","NLA_CO-10041","SPL_>50",3.687249552,0
"93","NLA06608-1675",2007,"PROB","CORE","NLA_CO-10043","WMT_(20,50]",24.36993574,0
"94","NLA06608-1739",2007,"PROB","CORE","NLA_CO-10045","WMT_>50",2.774979131,0
"95","NLA06608-1748",2007,"PROB","CORE","NLA_CO-10046","WMT_>50",8.300694344,0
"96","NLA06608-1851",2007,"PROB","CORE","NLA_CO-10048","SPL_>50",3.687249552,0
"97","NLA06608-0006",2007,"PROB","CORE","NLA_CT-10001","NAP_>50",13.87953829,0
"98","NLA06608-0037",2007,"PROB","CORE","NLA_CT-10002","NAP_>50",15.28303574,0
"99","NLA06608-0101",2007,"PROB","CORE","NLA_CT-10003","NAP_>50",13.87953829,0
"100","NLA06608-0134",2007,"PROB","CORE","NLA_CT-10004","NAP_>50",13.87953829,0
"101","NLA06608-0242",2007,"PROB","CORE","NLA_CT-10005","NAP_>50",15.28303574,0
"102","NLA06608-0293",2007,"PROB","CORE","NLA_CT-10006","NAP_(20,50]",36.62611884,0
"103","NLA06608-0326",2007,"PROB","CORE","NLA_CT-10007","NAP_>50",13.87953829,0
"104","NLA06608-0498",2007,"PROB","CORE","NLA_CT-10008","NAP_(20,50]",36.62611884,0
"105","NLA06608-0582",2007,"PROB","CORE","NLA_CT-10011","NAP_(20,50]",36.62611884,0
"106","NLA06608-0805",2007,"PROB","CORE","NLA_CT-10012","NAP_(10,20]",86.90894552,0
"107","NLA06608-0946",2007,"PROB","CORE","NLA_CT-10014","NAP_(20,50]",36.62611884,0
"108","NLA06608-1010",2007,"PROB","CORE","NLA_CT-10015","NAP_>50",6.258879519,0
"109","NLA06608-1125",2007,"PROB","CORE","NLA_CT-10018","NAP_>50",6.258879519,0
"110","NLA06608-1414",2007,"PROB","CORE","NLA_CT-10020","NAP_(10,20]",86.90894552,0
"111","NLA06608-0029",2007,"PROB","CORE","NLA_DE-10001","CPL_>50",1.548883553,0
"112","NLA06608-0141",2007,"PROB","CORE","NLA_DE-10002","CPL_>50",2.634200571,0
"113","NLA06608-0285",2007,"PROB","CORE","NLA_DE-10003","CPL_(20,50]",2.256151553,0
"114","NLA06608-0717",2007,"PROB","CORE","NLA_DE-10007","CPL_>50",1.548883553,0
"115","NLA06608-1421",2007,"PROB","CORE","NLA_DE-10011","CPL_>50",1.548883553,0
"116","NLA06608-1741",2007,"PROB","CORE","NLA_DE-10013","CPL_(20,50]",3.746297069,0
"117","NLA06608-2253",2007,"PROB","CORE","NLA_DE-10016","CPL_(20,50]",3.746297069,0
"118","NLA06608-2333",2007,"PROB","CORE","NLA_DE-10017","CPL_(20,50]",3.746297069,0
"119","NLA06608-0069",2007,"PROB","CORE","NLA_FL-10006","CPL_(20,50]",2.35264597,0
"120","NLA06608-0161",2007,"PROB","CORE","NLA_FL-10008","CPL_>50",2.634200571,0
"121","NLA06608-0325",2007,"PROB","CORE","NLA_FL-10012","CPL_>50",2.634200571,0
"122","NLA06608-0453",2007,"PROB","CORE","NLA_FL-10015","CPL_>50",2.634200571,0
"123","NLA06608-0609",2007,"PROB","CORE","NLA_FL-10018","CPL_>50",2.634200571,0
"124","NLA06608-0709",2007,"PROB","CORE","NLA_FL-10021","CPL_(20,50]",2.35264597,0
"125","NLA06608-0865",2007,"PROB","CORE","NLA_FL-10024","CPL_(4,10]",240.9418605,0
"126","NLA06608-1185",2007,"PROB","CORE","NLA_FL-10030","CPL_>50",2.634200571,0
"127","NLA06608-1349",2007,"PROB","CORE","NLA_FL-10034","CPL_(20,50]",2.35264597,0
"128","NLA06608-1413",2007,"PROB","CORE","NLA_FL-10035","CPL_>50",2.634200571,0
"129","NLA06608-1569",2007,"PROB","CORE","NLA_FL-10037","CPL_>50",2.634200571,0
"130","NLA06608-1733",2007,"PROB","CORE","NLA_FL-10040","CPL_>50",2.634200571,0
"131","NLA06608-1825",2007,"PROB","CORE","NLA_FL-10043","CPL_>50",83.42769269,0
"132","NLA06608-1861",2007,"PROB","CORE","NLA_FL-10044","CPL_>50",2.634200571,0
"133","NLA06608-2074",2007,"PROB","CORE","NLA_FL-10047","CPL_>50",2.634200571,0
"134","NLA06608-2117",2007,"PROB","CORE","NLA_FL-10049","CPL_>50",2.634200571,0
"135","NLA06608-2565",2007,"PROB","CORE","NLA_FL-10060","CPL_>50",75.76622047,0
"136","NLA06608-2593",2007,"PROB","CORE","NLA_FL-10061","CPL_>50",2.634200571,0
"137","NLA06608-2629",2007,"PROB","CORE","NLA_FL-10062","CPL_>50",2.634200571,0
"138","NLA06608-2657",2007,"PROB","CORE","NLA_FL-10063","CPL_(20,50]",183.2563649,0
"139","NLA06608-3169",2007,"PROB","CORE","NLA_FL-10074","CPL_>50",2.634200571,0
"140","NLA06608-0207",2007,"PROB","CORE","NLA_GA-10003","SAP_(4,10]",288.3333333,0
"141","NLA06608-0223",2007,"PROB","CORE","NLA_GA-10004","SAP_(20,50]",40.93732018,0
"142","NLA06608-0253",2007,"PROB","CORE","NLA_GA-10005","CPL_(4,10]",240.9418605,0
"143","NLA06608-0458",2007,"PROB","CORE","NLA_GA-10007","CPL_>50",23.51162524,0
"144","NLA06608-0530",2007,"PROB","CORE","NLA_GA-10009","CPL_(4,10]",240.9418605,0
"145","NLA06608-0591",2007,"PROB","CORE","NLA_GA-10010","SAP_>50",3.698315235,0
"146","NLA06608-0594",2007,"PROB","CORE","NLA_GA-10011","CPL_(4,10]",240.9418605,0
"147","NLA06608-0815",2007,"PROB","CORE","NLA_GA-10013","CPL_(20,50]",51.645381,0
"148","NLA06608-0943",2007,"PROB","CORE","NLA_GA-10014","SAP_>50",4.512108505,0
"149","NLA06608-1039",2007,"PROB","CORE","NLA_GA-10015","SAP_(10,20]",63.88778266,0
"150","NLA06608-1469",2007,"PROB","CORE","NLA_GA-10018","CPL_(4,10]",240.9418605,0
"151","NLA06608-1482",2007,"PROB","CORE","NLA_GA-10019","CPL_>50",21.35246612,0
"152","NLA06608-1711",2007,"PROB","CORE","NLA_GA-10022","SAP_(10,20]",63.88778266,0
"153","NLA06608-1839",2007,"PROB","CORE","NLA_GA-10024","CPL_>50",21.35246612,0
"154","NLA06608-0008",2007,"PROB","CORE","NLA_IA-10003","TPL_(20,50]",3.126926288,0
"155","NLA06608-0860",2007,"PROB","CORE","NLA_IA-10016","TPL_>50",9.981004649,0
"156","NLA06608-0904",2007,"PROB","CORE","NLA_IA-10017","TPL_>50",9.064412237,0
"157","NLA06608-0968",2007,"PROB","CORE","NLA_IA-10020","TPL_>50",9.064412237,0
"158","NLA06608-1015",2007,"PROB","CORE","NLA_IA-10021","TPL_>50",9.981004649,0
"159","NLA06608-1035",2007,"PROB","CORE","NLA_IA-10022","TPL_>50",9.064412237,0
"160","NLA06608-1223",2007,"PROB","CORE","NLA_IA-10024","TPL_>50",37.16677726,0
"161","NLA06608-1268",2007,"PROB","CORE","NLA_IA-10025","TPL_>50",9.064412237,0
"162","NLA06608-1271",2007,"PROB","CORE","NLA_IA-10026","TPL_(20,50]",15.16867151,0
"163","NLA06608-1460",2007,"PROB","CORE","NLA_IA-10028","TPL_(20,50]",15.16867151,0
"164","NLA06608-1527",2007,"PROB","CORE","NLA_IA-10029","TPL_>50",9.064412237,0
"165","NLA06608-1544",2007,"PROB","CORE","NLA_IA-10030","TPL_>50",9.064412237,0
"166","NLA06608-1736",2007,"PROB","CORE","NLA_IA-10032","TPL_>50",9.981004649,0
"167","NLA06608-1884",2007,"PROB","CORE","NLA_IA-10034","TPL_(20,50]",15.16867151,0
"168","NLA06608-1975",2007,"PROB","CORE","NLA_IA-10036","TPL_>50",5.060407036,0
"169","NLA06608-2036",2007,"PROB","CORE","NLA_IA-10037","TPL_(4,10]",459.15,0
"170","NLA06608-2039",2007,"PROB","CORE","NLA_IA-10038","TPL_>50",9.064412237,0
"171","NLA06608-2056",2007,"PROB","CORE","NLA_IA-10040","TPL_>50",9.064412237,0
"172","NLA06608-0005",2007,"PROB","CORE","NLA_ID-10004","WMT_(10,20]",21.45631439,0
"173","NLA06608-0085",2007,"PROB","CORE","NLA_ID-10005","XER_(20,50]",10.85560417,0
"174","NLA06608-0241",2007,"PROB","CORE","NLA_ID-10007","XER_>50",4.181228129,0
"175","NLA06608-0277",2007,"PROB","CORE","NLA_ID-10008","XER_>50",4.181228129,0
"176","NLA06608-0497",2007,"PROB","CORE","NLA_ID-10010","XER_(20,50]",10.85560417,0
"177","NLA06608-0561",2007,"PROB","CORE","NLA_ID-10012","WMT_>50",2.774979131,0
"178","NLA06608-0581",2007,"PROB","CORE","NLA_ID-10013","XER_>50",2.712585326,0
"179","NLA06608-0597",2007,"PROB","CORE","NLA_ID-10014","XER_>50",2.712585326,0
"180","NLA06608-0650",2007,"PROB","CORE","NLA_ID-10015","WMT_>50",4.611496857,0
"181","NLA06608-0769",2007,"PROB","CORE","NLA_ID-10016","WMT_>50",4.611496857,0
"182","NLA06608-0837",2007,"PROB","CORE","NLA_ID-10019","XER_>50",3.797250551,0
"183","NLA06608-0961",2007,"PROB","CORE","NLA_ID-10021","WMT_>50",4.18800612,0
"184","NLA06608-1281",2007,"PROB","CORE","NLA_ID-10026","WMT_(4,10]",199.875,0
"185","NLA06608-1329",2007,"PROB","CORE","NLA_ID-10029","WMT_>50",4.611496857,0
"186","NLA06608-1473",2007,"PROB","CORE","NLA_ID-10031","WMT_>50",2.774979131,0
"187","NLA06608-1521",2007,"PROB","CORE","NLA_ID-10032","XER_>50",3.797250551,0
"188","NLA06608-1537",2007,"PROB","CORE","NLA_ID-10033","WMT_(10,20]",21.45631439,0
"189","NLA06608-1793",2007,"PROB","CORE","NLA_ID-10034","WMT_>50",4.611496857,0
"190","NLA06608-1930",2007,"PROB","CORE","NLA_ID-10037","XER_>50",4.181228129,0
"191","NLA06608-1985",2007,"PROB","CORE","NLA_ID-10038","WMT_>50",2.774979131,0
"192","NLA06608-1989",2007,"PROB","CORE","NLA_ID-10039","XER_>50",4.181228129,0
"193","NLA06608-2005",2007,"PROB","CORE","NLA_ID-10040","XER_>50",3.797250551,0
"194","NLA06608-2305",2007,"PROB","CORE","NLA_ID-10044","WMT_(20,50]",13.53885319,0
"195","NLA06608-2497",2007,"PROB","CORE","NLA_ID-10046","WMT_>50",4.18800612,0
"196","NLA06608-2801",2007,"PROB","CORE","NLA_ID-10050","XER_>50",3.797250551,0
"197","NLA06608-2954",2007,"PROB","CORE","NLA_ID-10054","XER_(10,20]",19.07808197,0
"198","NLA06608-3121",2007,"PROB","CORE","NLA_ID-10058","WMT_>50",4.611496857,0
"199","NLA06608-3157",2007,"PROB","CORE","NLA_ID-10059","WMT_>50",4.611496857,0
"200","NLA06608-3313",2007,"PROB","CORE","NLA_ID-10061","XER_>50",3.797250551,0
"201","NLA06608-3329",2007,"PROB","CORE","NLA_ID-10062","WMT_>50",4.18800612,0
"202","NLA06608-0020",2007,"PROB","CORE","NLA_IL-10001","TPL_>50",21.86421871,0
"203","NLA06608-0036",2007,"PROB","CORE","NLA_IL-10003","SAP_(10,20]",61.14668403,0
"204","NLA06608-0112",2007,"PROB","CORE","NLA_IL-10005","TPL_>50",5.060407036,0
"205","NLA06608-0155",2007,"PROB","CORE","NLA_IL-10006","TPL_>50",5.060407036,0
"206","NLA06608-0196",2007,"PROB","CORE","NLA_IL-10007","TPL_>50",19.85634699,0
"207","NLA06608-0624",2007,"PROB","CORE","NLA_IL-10010","TPL_(20,50]",33.22823333,0
"208","NLA06608-0672",2007,"PROB","CORE","NLA_IL-10011","TPL_>50",5.060407036,0
"209","NLA06608-0900",2007,"PROB","CORE","NLA_IL-10013","TPL_>50",21.86421871,0
"210","NLA06608-0980",2007,"PROB","CORE","NLA_IL-10017","SAP_(20,50]",39.18090872,0
"211","NLA06608-1060",2007,"PROB","CORE","NLA_IL-10018","TPL_(4,10]",459.15,0
"212","NLA06608-1108",2007,"PROB","CORE","NLA_IL-10019","TPL_>50",21.86421871,0
"213","NLA06608-1115",2007,"PROB","CORE","NLA_IL-10020","TPL_(20,50]",33.22823333,0
"214","NLA06608-1179",2007,"PROB","CORE","NLA_IL-10021","TPL_(20,50]",33.22823333,0
"215","NLA06608-1435",2007,"PROB","CORE","NLA_IL-10025","TPL_>50",19.85634699,0
"216","NLA06608-1532",2007,"PROB","CORE","NLA_IL-10026","TPL_(20,50]",3.126926288,0
"217","NLA06608-1724",2007,"PROB","CORE","NLA_IL-10030","TPL_(10,20]",59.5897036,0
"218","NLA06608-1840",2007,"PROB","CORE","NLA_IL-10032","TPL_(10,20]",59.5897036,0
"219","NLA06608-0043",2007,"PROB","CORE","NLA_IN-10002","UMW_notMI_UP_(20,50]",23.30452967,0
"220","NLA06608-0091",2007,"PROB","CORE","NLA_IN-10003","TPL_>50",15.24005419,0
"221","NLA06608-0107",2007,"PROB","CORE","NLA_IN-10004","UMW_notMI_UP_(10,20]",49.86470035,0
"222","NLA06608-0139",2007,"PROB","CORE","NLA_IN-10005","UMW_notMI_UP_>50",6.588874633,0
"223","NLA06608-0148",2007,"PROB","CORE","NLA_IN-10006","TPL_(20,50]",23.16113295,0
"224","NLA06608-0212",2007,"PROB","CORE","NLA_IN-10008","SAP_>50",4.512108505,0
"225","NLA06608-0219",2007,"PROB","CORE","NLA_IN-10009","TPL_(20,50]",13.81565153,0
"226","NLA06608-0235",2007,"PROB","CORE","NLA_IN-10010","UMW_notMI_UP_>50",4.038622147,0
"227","NLA06608-0299",2007,"PROB","CORE","NLA_IN-10011","UMW_notMI_UP_(20,50]",23.30452967,0
"228","NLA06608-0491",2007,"PROB","CORE","NLA_IN-10013","UMW_notMI_UP_>50",6.588874633,0
"229","NLA06608-0555",2007,"PROB","CORE","NLA_IN-10015","UMW_notMI_UP_(10,20]",49.86470035,0
"230","NLA06608-0587",2007,"PROB","CORE","NLA_IN-10016","UMW_notMI_UP_>50",4.038622147,0
"231","NLA06608-0660",2007,"PROB","CORE","NLA_IN-10017","TPL_(10,20]",41.53591417,0
"232","NLA06608-0724",2007,"PROB","CORE","NLA_IN-10018","TPL_>50",13.84050389,0
"233","NLA06608-0731",2007,"PROB","CORE","NLA_IN-10019","UMW_notMI_UP_(4,10]",493.2,0
"234","NLA06608-0811",2007,"PROB","CORE","NLA_IN-10020","UMW_notMI_UP_(4,10]",493.2,0
"235","NLA06608-0971",2007,"PROB","CORE","NLA_IN-10021","TPL_>50",15.24005419,0
"236","NLA06608-0987",2007,"PROB","CORE","NLA_IN-10022","UMW_notMI_UP_(10,20]",49.86470035,0
"237","NLA06608-1131",2007,"PROB","CORE","NLA_IN-10023","UMW_notMI_UP_>50",4.038622147,0
"238","NLA06608-1163",2007,"PROB","CORE","NLA_IN-10024","UMW_notMI_UP_(10,20]",49.86470035,0
"239","NLA06608-1172",2007,"PROB","CORE","NLA_IN-10025","SAP_(4,10]",288.3333333,0
"240","NLA06608-1195",2007,"PROB","CORE","NLA_IN-10027","TPL_>50",15.24005419,0
"241","NLA06608-1199",2007,"PROB","CORE","NLA_IN-10028","TPL_>50",5.060407036,0
"242","NLA06608-1227",2007,"PROB","CORE","NLA_IN-10029","TPL_(10,20]",41.53591417,0
"243","NLA06608-1243",2007,"PROB","CORE","NLA_IN-10030","UMW_notMI_UP_>50",6.588874633,0
"244","NLA06608-1355",2007,"PROB","CORE","NLA_IN-10031","UMW_notMI_UP_>50",4.038622147,0
"245","NLA06608-1492",2007,"PROB","CORE","NLA_IN-10032","TPL_>50",13.84050389,0
"246","NLA06608-1499",2007,"PROB","CORE","NLA_IN-10033","UMW_notMI_UP_>50",6.588874633,0
"247","NLA06608-1556",2007,"PROB","CORE","NLA_IN-10034","TPL_(10,20]",41.53591417,0
"248","NLA06608-1579",2007,"PROB","CORE","NLA_IN-10035","UMW_notMI_UP_>50",4.038622147,0
"249","NLA06608-1684",2007,"PROB","CORE","NLA_IN-10037","TPL_>50",15.24005419,0
"250","NLA06608-1755",2007,"PROB","CORE","NLA_IN-10038","UMW_notMI_UP_(20,50]",23.30452967,0
"251","NLA06608-1835",2007,"PROB","CORE","NLA_IN-10040","TPL_(10,20]",24.77623687,0
"252","NLA06608-1867",2007,"PROB","CORE","NLA_IN-10041","UMW_notMI_UP_(20,50]",23.30452967,0
"253","NLA06608-1908",2007,"PROB","CORE","NLA_IN-10042","SAP_(10,20]",37.57131261,0
"254","NLA06608-2155",2007,"PROB","CORE","NLA_IN-10047","UMW_notMI_UP_>50",6.588874633,0
"255","NLA06608-2196",2007,"PROB","CORE","NLA_IN-10048","SAP_(4,10]",288.3333333,0
"256","NLA06608-2219",2007,"PROB","CORE","NLA_IN-10050","UMW_notMI_UP_(20,50]",23.30452967,0
"257","NLA06608-2267",2007,"PROB","CORE","NLA_IN-10051","UMW_notMI_UP_(20,50]",23.30452967,0
"258","NLA06608-2283",2007,"PROB","CORE","NLA_IN-10052","UMW_notMI_UP_>50",7.255140945,0
"259","NLA06608-2507",2007,"PROB","CORE","NLA_IN-10054","TPL_>50",5.060407036,0
"260","NLA06608-2523",2007,"PROB","CORE","NLA_IN-10055","UMW_notMI_UP_(20,50]",23.30452967,0
"261","NLA06608-2644",2007,"PROB","CORE","NLA_IN-10056","TPL_>50",5.060407036,0
"262","NLA06608-2708",2007,"PROB","CORE","NLA_IN-10057","SAP_(10,20]",37.57131261,0
"263","NLA06608-2779",2007,"PROB","CORE","NLA_IN-10059","UMW_notMI_UP_>50",7.255140945,0
"264","NLA06608-2891",2007,"PROB","CORE","NLA_IN-10060","UMW_notMI_UP_(20,50]",23.30452967,0
"265","NLA06608-2916",2007,"PROB","CORE","NLA_IN-10061","TPL_(10,20]",41.53591417,0
"266","NLA06608-2987",2007,"PROB","CORE","NLA_IN-10062","UMW_notMI_UP_(20,50]",23.30452967,0
"267","NLA06608-3035",2007,"PROB","CORE","NLA_IN-10063","UMW_notMI_UP_(20,50]",23.30452967,0
"268","NLA06608-3147",2007,"PROB","CORE","NLA_IN-10065","UMW_notMI_UP_>50",6.588874633,0
"269","NLA06608-0104",2007,"PROB","CORE","NLA_KS-10012","SPL_>50",2.142938553,0
"270","NLA06608-0140",2007,"PROB","CORE","NLA_KS-10013","TPL_(20,50]",15.47476578,0
"271","NLA06608-0168",2007,"PROB","CORE","NLA_KS-10014","TPL_(20,50]",15.47476578,0
"272","NLA06608-0184",2007,"PROB","CORE","NLA_KS-10015","TPL_(10,20]",27.75160198,0
"273","NLA06608-0312",2007,"PROB","CORE","NLA_KS-10017","TPL_(10,20]",27.75160198,0
"274","NLA06608-0488",2007,"PROB","CORE","NLA_KS-10020","SPL_(10,20]",8.669038668,0
"275","NLA06608-0588",2007,"PROB","CORE","NLA_KS-10021","SPL_(10,20]",8.669038668,0
"276","NLA06608-0632",2007,"PROB","CORE","NLA_KS-10022","TPL_>50",9.247326386,0
"277","NLA06608-0720",2007,"PROB","CORE","NLA_KS-10023","SPL_>50",2.359632273,0
"278","NLA06608-0744",2007,"PROB","CORE","NLA_KS-10024","TPL_(10,20]",27.75160198,0
"279","NLA06608-0872",2007,"PROB","CORE","NLA_KS-10026","SPL_>50",2.142938553,0
"280","NLA06608-1036",2007,"PROB","CORE","NLA_KS-10028","TPL_(10,20]",27.75160198,0
"281","NLA06608-1052",2007,"PROB","CORE","NLA_KS-10029","SPL_>50",2.359632273,0
"282","NLA06608-1100",2007,"PROB","CORE","NLA_KS-10031","TPL_>50",9.247326386,0
"283","NLA06608-1208",2007,"PROB","CORE","NLA_KS-10033","SPL_(10,20]",8.669038668,0
"284","NLA06608-1256",2007,"PROB","CORE","NLA_KS-10035","TPL_(10,20]",27.75160198,0
"285","NLA06608-1292",2007,"PROB","CORE","NLA_KS-10036","TPL_>50",10.18241506,0
"286","NLA06608-1824",2007,"PROB","CORE","NLA_KS-10041","SPL_>50",2.359632273,0
"287","NLA06608-0388",2007,"PROB","CORE","NLA_KY-10003","SAP_>50",4.648606362,0
"288","NLA06608-0447",2007,"PROB","CORE","NLA_KY-10004","SAP_>50",4.648606362,0
"289","NLA06608-0804",2007,"PROB","CORE","NLA_KY-10009","SAP_(20,50]",11.67005572,0
"290","NLA06608-0868",2007,"PROB","CORE","NLA_KY-10010","TPL_(20,50]",9.897048003,0
"291","NLA06608-1263",2007,"PROB","CORE","NLA_KY-10015","SAP_>50",4.648606362,0
"292","NLA06608-1316",2007,"PROB","CORE","NLA_KY-10016","SAP_>50",4.648606362,0
"293","NLA06608-1332",2007,"PROB","CORE","NLA_KY-10017","TPL_(20,50]",9.897048003,0
"294","NLA06608-1572",2007,"PROB","CORE","NLA_KY-10019","TPL_>50",5.914224129,0
"295","NLA06608-1775",2007,"PROB","CORE","NLA_KY-10023","SAP_>50",4.648606362,0
"296","NLA06608-1812",2007,"PROB","CORE","NLA_KY-10025","SAP_>50",4.512108505,0
"297","NLA06608-0071",2007,"PROB","CORE","NLA_LA-10002","CPL_>50",2.634200571,0
"298","NLA06608-0328",2007,"PROB","CORE","NLA_LA-10007","CPL_>50",2.634200571,0
"299","NLA06608-0711",2007,"PROB","CORE","NLA_LA-10012","CPL_>50",2.634200571,0
"300","NLA06608-1608",2007,"PROB","CORE","NLA_LA-10023","CPL_>50",2.634200571,0
"301","NLA06608-1735",2007,"PROB","CORE","NLA_LA-10025","CPL_(4,10]",240.9418605,0
"302","NLA06608-1800",2007,"PROB","CORE","NLA_LA-10028","CPL_>50",2.634200571,0
"303","NLA06608-1863",2007,"PROB","CORE","NLA_LA-10030","CPL_>50",2.634200571,0
"304","NLA06608-2092",2007,"PROB","CORE","NLA_LA-10033","CPL_>50",46.964362,0
"305","NLA06608-2524",2007,"PROB","CORE","NLA_LA-10041","CPL_>50",2.634200571,0
"306","NLA06608-2823",2007,"PROB","CORE","NLA_LA-10047","CPL_>50",2.634200571,0
"307","NLA06608-3911",2007,"PROB","CORE","NLA_LA-10059","CPL_(20,50]",113.593079,0
"308","NLA06608-4650",2007,"PROB","CORE","NLA_LA-10066","CPL_>50",2.634200571,0
"309","NLA06608-4686",2007,"PROB","CORE","NLA_LA-10068","CPL_>50",51.71339334,0
"310","NLA06608-4698",2007,"PROB","CORE","NLA_LA-10069","CPL_(20,50]",113.593079,0
"311","NLA06608-0198",2007,"PROB","CORE","NLA_MA-10004","CPL_>50",16.55830274,0
"312","NLA06608-0354",2007,"PROB","CORE","NLA_MA-10005","NAP_(20,50]",90.85705727,0
"313","NLA06608-0357",2007,"PROB","CORE","NLA_MA-10006","NAP_>50",34.43045687,0
"314","NLA06608-0454",2007,"PROB","CORE","NLA_MA-10007","NAP_>50",37.91206104,0
"315","NLA06608-0546",2007,"PROB","CORE","NLA_MA-10008","NAP_(4,10]",5.495211243,0
"316","NLA06608-0674",2007,"PROB","CORE","NLA_MA-10010","NAP_(20,50]",90.85705727,0
"317","NLA06608-0710",2007,"PROB","CORE","NLA_MA-10011","CPL_(10,20]",71.56724587,0
"318","NLA06608-0754",2007,"PROB","CORE","NLA_MA-10012","NAP_>50",37.91206104,0
"319","NLA06608-0802",2007,"PROB","CORE","NLA_MA-10013","NAP_(10,20]",215.5918041,0
"320","NLA06608-1122",2007,"PROB","CORE","NLA_MA-10014","NAP_(4,10]",529.1504789,0
"321","NLA06608-1222",2007,"PROB","CORE","NLA_MA-10015","CPL_(10,20]",71.56724587,0
"322","NLA06608-0610",2007,"PROB","CORE","NLA_MA-10016","NAP_>50",21.73949782,0
"323","NLA06608-1389",2007,"PROB","CORE","NLA_MD-10009","CPL_>50",2.634200571,0
"324","NLA06608-1538",2007,"PROB","CORE","NLA_MD-10010","SAP_>50",2.555934769,0
"325","NLA06608-1821",2007,"PROB","CORE","NLA_MD-10014","SAP_(10,20]",8.827327485,0
"326","NLA06608-2114",2007,"PROB","CORE","NLA_MD-10016","SAP_(10,20]",8.827327485,0
"327","NLA06608-0102",2007,"PROB","CORE","NLA_ME-10023","NAP_>50",66.90550917,0
"328","NLA06608-0150",2007,"PROB","CORE","NLA_ME-10024","NAP_>50",6.258879519,0
"329","NLA06608-0401",2007,"PROB","CORE","NLA_ME-10026","NAP_>50",6.258879519,0
"330","NLA06608-0657",2007,"PROB","CORE","NLA_ME-10029","NAP_(20,50]",176.5540812,0
"331","NLA06608-0913",2007,"PROB","CORE","NLA_ME-10030","NAP_>50",73.67098721,0
"332","NLA06608-0914",2007,"PROB","CORE","NLA_ME-10031","NAP_>50",66.90550917,0
"333","NLA06608-0918",2007,"PROB","CORE","NLA_ME-10032","NAP_>50",73.67098721,0
"334","NLA06608-1174",2007,"PROB","CORE","NLA_ME-10035","NAP_>50",73.67098721,0
"335","NLA06608-1238",2007,"PROB","CORE","NLA_ME-10036","NAP_>50",73.67098721,0
"336","NLA06608-1558",2007,"PROB","CORE","NLA_ME-10039","NAP_>50",73.67098721,0
"337","NLA06608-0010",2007,"PROB","CORE","NLA_MI-10005","UMW_notMI_UP_(20,50]",114.9484804,0
"338","NLA06608-0170",2007,"PROB","CORE","NLA_MI-10008","UMW_notMI_UP_>50",32.49930969,0
"339","NLA06608-0234",2007,"PROB","CORE","NLA_MI-10009","UMW_notMI_UP_(20,50]",114.9484804,0
"340","NLA06608-0286",2007,"PROB","CORE","NLA_MI-10010","MI_UP_>50",28.69930961,0
"341","NLA06608-0330",2007,"PROB","CORE","NLA_MI-10011","UMW_notMI_UP_>50",35.78563646,0
"342","NLA06608-0363",2007,"PROB","CORE","NLA_MI-10013","UMW_notMI_UP_>50",4.038622147,0
"343","NLA06608-0399",2007,"PROB","CORE","NLA_MI-10015","UMW_notMI_UP_(10,20]",245.9552548,0
"344","NLA06608-0426",2007,"PROB","CORE","NLA_MI-10017","UMW_notMI_UP_>50",35.78563646,0
"345","NLA06608-0462",2007,"PROB","CORE","NLA_MI-10018","MI_UP_>50",31.60138078,0
"346","NLA06608-0463",2007,"PROB","CORE","NLA_MI-10019","TPL_>50",5.060407036,0
"347","NLA06608-0502",2007,"PROB","CORE","NLA_MI-10022","UMW_notMI_UP_(20,50]",114.9484804,0
"348","NLA06608-0619",2007,"PROB","CORE","NLA_MI-10025","UMW_notMI_UP_>50",32.49930969,0
"349","NLA06608-0630",2007,"PROB","CORE","NLA_MI-10026","MI_UP_(20,50]",57,0
"350","NLA06608-0734",2007,"PROB","CORE","NLA_MI-10029","MI_UP_>50",28.69930961,0
"351","NLA06608-0874",2007,"PROB","CORE","NLA_MI-10030","UMW_notMI_UP_(20,50]",114.9484804,0
"352","NLA06608-0875",2007,"PROB","CORE","NLA_MI-10031","UMW_notMI_UP_(20,50]",114.9484804,0
"353","NLA06608-0938",2007,"PROB","CORE","NLA_MI-10032","UMW_notMI_UP_>50",4.038622147,0
"354","NLA06608-0974",2007,"PROB","CORE","NLA_MI-10033","MI_UP_>50",28.69930961,0
"355","NLA06608-1003",2007,"PROB","CORE","NLA_MI-10034","UMW_notMI_UP_>50",32.49930969,0
"356","NLA06608-1014",2007,"PROB","CORE","NLA_MI-10035","UMW_notMI_UP_>50",4.038622147,0
"357","NLA06608-1034",2007,"PROB","CORE","NLA_MI-10036","UMW_notMI_UP_(10,20]",245.9552548,0
"358","NLA06608-1130",2007,"PROB","CORE","NLA_MI-10037","UMW_notMI_UP_>50",4.038622147,0
"359","NLA06608-1162",2007,"PROB","CORE","NLA_MI-10039","UMW_notMI_UP_>50",35.78563646,0
"360","NLA06608-1167",2007,"PROB","CORE","NLA_MI-10040","UMW_notMI_UP_>50",35.78563646,0
"361","NLA06608-1206",2007,"PROB","CORE","NLA_MI-10041","MI_UP_(10,20]",214.5,0
"362","NLA06608-1258",2007,"PROB","CORE","NLA_MI-10042","UMW_notMI_UP_(20,50]",114.9484804,0
"363","NLA06608-1334",2007,"PROB","CORE","NLA_MI-10043","UMW_notMI_UP_>50",35.78563646,0
"364","NLA06608-1358",2007,"PROB","CORE","NLA_MI-10044","MI_UP_>50",31.60138078,0
"365","NLA06608-1370",2007,"PROB","CORE","NLA_MI-10045","UMW_notMI_UP_(10,20]",245.9552548,0
"366","NLA06608-1387",2007,"PROB","CORE","NLA_MI-10046","UMW_notMI_UP_>50",35.78563646,0
"367","NLA06608-1398",2007,"PROB","CORE","NLA_MI-10047","MI_UP_(20,50]",57,0
"368","NLA06608-1434",2007,"PROB","CORE","NLA_MI-10049","UMW_notMI_UP_>50",35.78563646,0
"369","NLA06608-1450",2007,"PROB","CORE","NLA_MI-10050","UMW_notMI_UP_>50",32.49930969,0
"370","NLA06608-1487",2007,"PROB","CORE","NLA_MI-10051","TPL_>50",5.060407036,0
"371","NLA06608-1515",2007,"PROB","CORE","NLA_MI-10052","UMW_notMI_UP_(20,50]",114.9484804,0
"372","NLA06608-1626",2007,"PROB","CORE","NLA_MI-10056","UMW_notMI_UP_>50",4.038622147,0
"373","NLA06608-1643",2007,"PROB","CORE","NLA_MI-10057","UMW_notMI_UP_(10,20]",245.9552548,0
"374","NLA06608-1654",2007,"PROB","CORE","NLA_MI-10058","MI_UP_(20,50]",57,0
"375","NLA06608-1679",2007,"PROB","CORE","NLA_MI-10059","UMW_notMI_UP_(20,50]",114.9484804,0
"376","NLA06608-1690",2007,"PROB","CORE","NLA_MI-10060","UMW_notMI_UP_(10,20]",245.9552548,0
"377","NLA06608-1706",2007,"PROB","CORE","NLA_MI-10061","UMW_notMI_UP_(4,10]",493.2,0
"378","NLA06608-1707",2007,"PROB","CORE","NLA_MI-10062","UMW_notMI_UP_>50",32.49930969,0
"379","NLA06608-1742",2007,"PROB","CORE","NLA_MI-10064","MI_UP_(20,50]",57,0
"380","NLA06608-1758",2007,"PROB","CORE","NLA_MI-10065","MI_UP_>50",28.69930961,0
"381","NLA06608-1771",2007,"PROB","CORE","NLA_MI-10066","UMW_notMI_UP_>50",35.78563646,0
"382","NLA06608-1782",2007,"PROB","CORE","NLA_MI-10067","UMW_notMI_UP_>50",4.038622147,0
"383","NLA06608-1802",2007,"PROB","CORE","NLA_MI-10068","UMW_notMI_UP_>50",35.78563646,0
"384","NLA06608-1910",2007,"PROB","CORE","NLA_MI-10069","MI_UP_(20,50]",57,0
"385","NLA06608-1998",2007,"PROB","CORE","NLA_MI-10070","MI_UP_>50",28.69930961,0
"386","NLA06608-2078",2007,"PROB","CORE","NLA_MI-10071","MI_UP_(20,50]",57,0
"387","NLA06608-0110",2007,"PROB","CORE","NLA_MN-10018","UMW_notMI_UP_>50",82.85349649,0
"388","NLA06608-0167",2007,"PROB","CORE","NLA_MN-10020","UMW_notMI_UP_>50",4.038622147,0
"389","NLA06608-0174",2007,"PROB","CORE","NLA_MN-10021","UMW_notMI_UP_>50",75.24475481,0
"390","NLA06608-0190",2007,"PROB","CORE","NLA_MN-10022","UMW_notMI_UP_(4,10]",493.2,0
"391","NLA06608-0211",2007,"PROB","CORE","NLA_MN-10023","UMW_notMI_UP_>50",75.24475481,0
"392","NLA06608-0215",2007,"PROB","CORE","NLA_MN-10024","UMW_notMI_UP_>50",4.038622147,0
"393","NLA06608-0238",2007,"PROB","CORE","NLA_MN-10026","UMW_notMI_UP_>50",82.85349649,0
"394","NLA06608-0279",2007,"PROB","CORE","NLA_MN-10027","UMW_notMI_UP_>50",126.1434371,0
"395","NLA06608-0318",2007,"PROB","CORE","NLA_MN-10028","UMW_notMI_UP_(20,50]",5.274564596,0
"396","NLA06608-0366",2007,"PROB","CORE","NLA_MN-10030","UMW_notMI_UP_>50",82.85349649,0
"397","NLA06608-0403",2007,"PROB","CORE","NLA_MN-10031","UMW_notMI_UP_>50",4.038622147,0
"398","NLA06608-0494",2007,"PROB","CORE","NLA_MN-10033","UMW_notMI_UP_>50",82.85349649,0
"399","NLA06608-0526",2007,"PROB","CORE","NLA_MN-10034","UMW_notMI_UP_(20,50]",266.1370444,0
"400","NLA06608-0551",2007,"PROB","CORE","NLA_MN-10035","UMW_notMI_UP_>50",4.038622147,0
"401","NLA06608-0558",2007,"PROB","CORE","NLA_MN-10036","UMW_notMI_UP_(10,20]",569.4534135,0
"402","NLA06608-0622",2007,"PROB","CORE","NLA_MN-10040","UMW_notMI_UP_>50",82.85349649,0
"403","NLA06608-0679",2007,"PROB","CORE","NLA_MN-10042","UMW_notMI_UP_>50",75.24475481,0
"404","NLA06608-0686",2007,"PROB","CORE","NLA_MN-10043","UMW_notMI_UP_(10,20]",7.454181023,0
"405","NLA06608-0743",2007,"PROB","CORE","NLA_MN-10044","UMW_notMI_UP_(20,50]",266.1370444,0
"406","NLA06608-0759",2007,"PROB","CORE","NLA_MN-10045","TPL_>50",5.060407036,0
"407","NLA06608-0771",2007,"PROB","CORE","NLA_MN-10046","UMW_notMI_UP_>50",75.24475481,0
"408","NLA06608-0782",2007,"PROB","CORE","NLA_MN-10047","UMW_notMI_UP_(4,10]",493.2,0
"409","NLA06608-0871",2007,"PROB","CORE","NLA_MN-10048","TPL_>50",174.0409712,0
"410","NLA06608-0878",2007,"PROB","CORE","NLA_MN-10049","UMW_notMI_UP_>50",4.038622147,0
"411","NLA06608-0890",2007,"PROB","CORE","NLA_MN-10050","UMW_notMI_UP_>50",75.24475481,0
"412","NLA06608-0915",2007,"PROB","CORE","NLA_MN-10051","TPL_(4,10]",459.15,0
"413","NLA06608-0935",2007,"PROB","CORE","NLA_MN-10052","UMW_notMI_UP_>50",75.24475481,0
"414","NLA06608-0942",2007,"PROB","CORE","NLA_MN-10053","UMW_notMI_UP_>50",82.85349649,0
"415","NLA06608-0958",2007,"PROB","CORE","NLA_MN-10054","UMW_notMI_UP_>50",82.85349649,0
"416","NLA06608-0990",2007,"PROB","CORE","NLA_MN-10055","UMW_notMI_UP_>50",82.85349649,0
"417","NLA06608-1018",2007,"PROB","CORE","NLA_MN-10056","UMW_notMI_UP_(20,50]",266.1370444,0
"418","NLA06608-1038",2007,"PROB","CORE","NLA_MN-10057","UMW_notMI_UP_>50",75.24475481,0
"419","NLA06608-1102",2007,"PROB","CORE","NLA_MN-10059","UMW_notMI_UP_(10,20]",569.4534135,0
"420","NLA06608-1111",2007,"PROB","CORE","NLA_MN-10060","TPL_(20,50]",264.4994581,0
"421","NLA06608-1134",2007,"PROB","CORE","NLA_MN-10062","UMW_notMI_UP_>50",82.85349649,0
"422","NLA06608-1150",2007,"PROB","CORE","NLA_MN-10063","UMW_notMI_UP_(20,50]",266.1370444,0
"423","NLA06608-1175",2007,"PROB","CORE","NLA_MN-10065","UMW_notMI_UP_>50",82.85349649,0
"424","NLA06608-1198",2007,"PROB","CORE","NLA_MN-10066","UMW_notMI_UP_(20,50]",266.1370444,0
"425","NLA06608-1239",2007,"PROB","CORE","NLA_MN-10067","UMW_notMI_UP_>50",4.038622147,0
"426","NLA06608-1262",2007,"PROB","CORE","NLA_MN-10068","UMW_notMI_UP_>50",82.85349649,0
"427","NLA06608-1274",2007,"PROB","CORE","NLA_MN-10069","UMW_notMI_UP_>50",75.24475481,0
"428","NLA06608-1283",2007,"PROB","CORE","NLA_MN-10070","UMW_notMI_UP_(4,10]",493.2,0
"429","NLA06608-1303",2007,"PROB","CORE","NLA_MN-10071","UMW_notMI_UP_>50",4.038622147,0
"430","NLA06608-1326",2007,"PROB","CORE","NLA_MN-10072","UMW_notMI_UP_>50",75.24475481,0
"431","NLA06608-1342",2007,"PROB","CORE","NLA_MN-10073","UMW_notMI_UP_(20,50]",266.1370444,0
"432","NLA06608-1347",2007,"PROB","CORE","NLA_MN-10074","UMW_notMI_UP_(20,50]",266.1370444,0
"433","NLA06608-1383",2007,"PROB","CORE","NLA_MN-10075","UMW_notMI_UP_>50",82.85349649,0
"434","NLA06608-1390",2007,"PROB","CORE","NLA_MN-10076","UMW_notMI_UP_>50",4.038622147,0
"435","NLA06608-1447",2007,"PROB","CORE","NLA_MN-10077","UMW_notMI_UP_>50",75.24475481,0
"436","NLA06608-1454",2007,"PROB","CORE","NLA_MN-10078","UMW_notMI_UP_>50",138.8990482,0
"437","NLA06608-0359",2007,"PROB","CORE","NLA_MN-10082","TPL_>50",5.060407036,0
"438","NLA06608-0048",2007,"PROB","CORE","NLA_MO-10007","CPL_(4,10]",240.9418605,0
"439","NLA06608-0076",2007,"PROB","CORE","NLA_MO-10008","TPL_>50",14.14348641,0
"440","NLA06608-0224",2007,"PROB","CORE","NLA_MO-10010","SAP_>50",10.09594234,0
"441","NLA06608-0480",2007,"PROB","CORE","NLA_MO-10014","SAP_(10,20]",34.86794357,0
"442","NLA06608-0608",2007,"PROB","CORE","NLA_MO-10016","CPL_(20,50]",28.18642556,0
"443","NLA06608-0808",2007,"PROB","CORE","NLA_MO-10021","TPL_(10,20]",38.54728011,0
"444","NLA06608-1012",2007,"PROB","CORE","NLA_MO-10025","TPL_(10,20]",38.54728011,0
"445","NLA06608-1056",2007,"PROB","CORE","NLA_MO-10026","SAP_>50",11.11684297,0
"446","NLA06608-1120",2007,"PROB","CORE","NLA_MO-10028","SAP_>50",4.512108505,0
"447","NLA06608-1232",2007,"PROB","CORE","NLA_MO-10029","TPL_(10,20]",38.54728011,0
"448","NLA06608-1312",2007,"PROB","CORE","NLA_MO-10030","SAP_(20,50]",22.34230255,0
"449","NLA06608-1376",2007,"PROB","CORE","NLA_MO-10031","SAP_>50",10.09594234,0
"450","NLA06608-1504",2007,"PROB","CORE","NLA_MO-10032","SAP_>50",4.512108505,0
"451","NLA06608-1576",2007,"PROB","CORE","NLA_MO-10033","TPL_>50",14.14348641,0
"452","NLA06608-1640",2007,"PROB","CORE","NLA_MO-10034","SAP_>50",11.11684297,0
"453","NLA06608-1704",2007,"PROB","CORE","NLA_MO-10035","TPL_(20,50]",21.49461972,0
"454","NLA06608-1740",2007,"PROB","CORE","NLA_MO-10036","TPL_>50",14.14348641,0
"455","NLA06608-1936",2007,"PROB","CORE","NLA_MO-10039","TPL_>50",14.14348641,0
"456","NLA06608-2152",2007,"PROB","CORE","NLA_MO-10043","SAP_>50",4.512108505,0
"457","NLA06608-0327",2007,"PROB","CORE","NLA_MS-10003","CPL_(20,50]",43.75139791,0
"458","NLA06608-0432",2007,"PROB","CORE","NLA_MS-10004","CPL_>50",2.634200571,0
"459","NLA06608-0444",2007,"PROB","CORE","NLA_MS-10005","CPL_(4,10]",240.9418605,0
"460","NLA06608-0812",2007,"PROB","CORE","NLA_MS-10009","CPL_(20,50]",43.75139791,0
"461","NLA06608-0828",2007,"PROB","CORE","NLA_MS-10010","CPL_>50",18.08874721,0
"462","NLA06608-0986",2007,"PROB","CORE","NLA_MS-10011","CPL_>50",18.08874721,0
"463","NLA06608-1114",2007,"PROB","CORE","NLA_MS-10012","CPL_(20,50]",43.75139791,0
"464","NLA06608-2010",2007,"PROB","CORE","NLA_MS-10020","CPL_(20,50]",43.75139791,0
"465","NLA06608-2492",2007,"PROB","CORE","NLA_MS-10023","CPL_>50",2.634200571,0
"466","NLA06608-0001",2007,"PROB","CORE","NLA_MT-10001","WMT_>50",12.4367878,0
"467","NLA06608-0064",2007,"PROB","CORE","NLA_MT-10004","NPL_(20,50]",12.94471891,0
"468","NLA06608-0065",2007,"PROB","CORE","NLA_MT-10005","WMT_>50",12.4367878,0
"469","NLA06608-0128",2007,"PROB","CORE","NLA_MT-10007","NPL_(10,20]",19.40694901,0
"470","NLA06608-0129",2007,"PROB","CORE","NLA_MT-10008","WMT_>50",13.69439447,0
"471","NLA06608-0225",2007,"PROB","CORE","NLA_MT-10011","NPL_>50",5.644403648,0
"472","NLA06608-0240",2007,"PROB","CORE","NLA_MT-10013","NPL_>50",4.322733222,0
"473","NLA06608-0257",2007,"PROB","CORE","NLA_MT-10014","WMT_>50",2.774979131,0
"474","NLA06608-0378",2007,"PROB","CORE","NLA_MT-10016","NPL_>50",5.644403648,0
"475","NLA06608-0385",2007,"PROB","CORE","NLA_MT-10017","NPL_(20,50]",12.94471891,0
"476","NLA06608-0496",2007,"PROB","CORE","NLA_MT-10022","NPL_(10,20]",19.40694901,0
"477","NLA06608-0570",2007,"PROB","CORE","NLA_MT-10023","NPL_>50",5.644403648,0
"478","NLA06608-0833",2007,"PROB","CORE","NLA_MT-10035","WMT_>50",13.69439447,0
"479","NLA06608-0929",2007,"PROB","CORE","NLA_MT-10037","WMT_>50",2.774979131,0
"480","NLA06608-0944",2007,"PROB","CORE","NLA_MT-10038","NPL_>50",5.126057276,0
"481","NLA06608-1002",2007,"PROB","CORE","NLA_MT-10041","NPL_(4,10]",269.3946631,0
"482","NLA06608-1008",2007,"PROB","CORE","NLA_MT-10042","NPL_>50",5.644403648,0
"483","NLA06608-1089",2007,"PROB","CORE","NLA_MT-10045","WMT_>50",2.774979131,0
"484","NLA06608-1153",2007,"PROB","CORE","NLA_MT-10048","WMT_>50",2.774979131,0
"485","NLA06608-1338",2007,"PROB","CORE","NLA_MT-10053","NPL_>50",5.644403648,0
"486","NLA06608-1344",2007,"PROB","CORE","NLA_MT-10054","NPL_(4,10]",269.3946631,0
"487","NLA06608-1354",2007,"PROB","CORE","NLA_MT-10055","NPL_>50",1.672876476,0
"488","NLA06608-1377",2007,"PROB","CORE","NLA_MT-10056","WMT_(4,10]",199.875,0
"489","NLA06608-1462",2007,"PROB","CORE","NLA_MT-10060","NPL_(10,20]",19.40694901,0
"490","NLA06608-1510",2007,"PROB","CORE","NLA_MT-10063","NPL_(4,10]",269.3946631,0
"491","NLA06608-1578",2007,"PROB","CORE","NLA_MT-10066","NPL_(4,10]",269.3946631,0
"492","NLA06608-1600",2007,"PROB","CORE","NLA_MT-10067","NPL_(20,50]",12.94471891,0
"493","NLA06608-1610",2007,"PROB","CORE","NLA_MT-10069","WMT_>50",12.4367878,0
"494","NLA06608-1633",2007,"PROB","CORE","NLA_MT-10070","WMT_>50",2.774979131,0
"495","NLA06608-1856",2007,"PROB","CORE","NLA_MT-10078","NPL_>50",5.126057276,0
"496","NLA06608-1857",2007,"PROB","CORE","NLA_MT-10079","WMT_>50",13.69439447,0
"497","NLA06608-1953",2007,"PROB","CORE","NLA_MT-10080","WMT_>50",13.69439447,0
"498","NLA06608-1968",2007,"PROB","CORE","NLA_MT-10081","NPL_>50",5.126057276,0
"499","NLA06608-2049",2007,"PROB","CORE","NLA_MT-10085","WMT_>50",12.4367878,0
"500","NLA06608-2170",2007,"PROB","CORE","NLA_MT-10089","NPL_>50",5.126057276,0
"501","NLA06608-2177",2007,"PROB","CORE","NLA_MT-10090","WMT_(20,50]",40.20525263,0
"502","NLA06608-2426",2007,"PROB","CORE","NLA_MT-10098","NPL_>50",5.126057276,0
"503","NLA06608-2800",2007,"PROB","CORE","NLA_MT-10110","NPL_>50",5.644403648,0
"504","NLA06608-2874",2007,"PROB","CORE","NLA_MT-10112","NPL_>50",5.644403648,0
"505","NLA06608-2881",2007,"PROB","CORE","NLA_MT-10114","WMT_>50",2.774979131,0
"506","NLA06608-0025",2007,"PROB","CORE","NLA_NC-10001","SAP_(10,20]",30.34393823,0
"507","NLA06608-0057",2007,"PROB","CORE","NLA_NC-10002","SAP_>50",8.786025772,0
"508","NLA06608-0089",2007,"PROB","CORE","NLA_NC-10003","SAP_>50",4.512108505,0
"509","NLA06608-0191",2007,"PROB","CORE","NLA_NC-10005","SAP_>50",9.674467771,0
"510","NLA06608-0217",2007,"PROB","CORE","NLA_NC-10006","SAP_>50",8.786025772,0
"511","NLA06608-0281",2007,"PROB","CORE","NLA_NC-10007","SAP_>50",8.786025772,0
"512","NLA06608-0313",2007,"PROB","CORE","NLA_NC-10008","CPL_(10,20]",43.8329457,0
"513","NLA06608-0361",2007,"PROB","CORE","NLA_NC-10009","SAP_>50",4.512108505,0
"514","NLA06608-0473",2007,"PROB","CORE","NLA_NC-10011","SAP_>50",4.512108505,0
"515","NLA06608-0665",2007,"PROB","CORE","NLA_NC-10014","CPL_>50",10.14149945,0
"516","NLA06608-0857",2007,"PROB","CORE","NLA_NC-10017","SAP_>50",9.674467771,0
"517","NLA06608-0921",2007,"PROB","CORE","NLA_NC-10018","SAP_>50",36.02531021,0
"518","NLA06608-1113",2007,"PROB","CORE","NLA_NC-10020","SAP_>50",4.512108505,0
"519","NLA06608-1177",2007,"PROB","CORE","NLA_NC-10021","CPL_(10,20]",43.8329457,0
"520","NLA06608-1181",2007,"PROB","CORE","NLA_NC-10022","SAP_(20,50]",19.4434595,0
"521","NLA06608-1241",2007,"PROB","CORE","NLA_NC-10023","SAP_>50",8.786025772,0
"522","NLA06608-1245",2007,"PROB","CORE","NLA_NC-10024","CPL_>50",11.16700681,0
"523","NLA06608-1369",2007,"PROB","CORE","NLA_NC-10026","SAP_>50",9.674467771,0
"524","NLA06608-0014",2007,"PROB","CORE","NLA_ND-10001","TPL_(10,20]",170.4741265,0
"525","NLA06608-0019",2007,"PROB","CORE","NLA_ND-10002","NPL_>50",13.4493676,0
"526","NLA06608-0062",2007,"PROB","CORE","NLA_ND-10003","NPL_>50",12.21426265,0
"527","NLA06608-0078",2007,"PROB","CORE","NLA_ND-10005","TPL_(10,20]",170.4741265,0
"528","NLA06608-0083",2007,"PROB","CORE","NLA_ND-10006","NPL_(20,50]",30.84440695,0
"529","NLA06608-0126",2007,"PROB","CORE","NLA_ND-10007","NPL_(10,20]",46.24247441,0
"530","NLA06608-0195",2007,"PROB","CORE","NLA_ND-10009","NPL_(4,10]",269.3946631,0
"531","NLA06608-0222",2007,"PROB","CORE","NLA_ND-10011","NPL_(20,50]",30.84440695,0
"532","NLA06608-0254",2007,"PROB","CORE","NLA_ND-10012","TPL_>50",56.80500496,0
"533","NLA06608-0259",2007,"PROB","CORE","NLA_ND-10013","NPL_(10,20]",46.24247441,0
"534","NLA06608-0275",2007,"PROB","CORE","NLA_ND-10014","NPL_>50",12.21426265,0
"535","NLA06608-0334",2007,"PROB","CORE","NLA_ND-10015","TPL_>50",62.54912107,0
"536","NLA06608-0339",2007,"PROB","CORE","NLA_ND-10016","NPL_>50",12.21426265,0
"537","NLA06608-0384",2007,"PROB","CORE","NLA_ND-10017","NPL_>50",12.21426265,0
"538","NLA06608-0442",2007,"PROB","CORE","NLA_ND-10018","NPL_(20,50]",30.84440695,0
"539","NLA06608-0510",2007,"PROB","CORE","NLA_ND-10021","TPL_>50",62.54912107,0
"540","NLA06608-0512",2007,"PROB","CORE","NLA_ND-10022","TPL_(20,50]",95.05927548,0
"541","NLA06608-0515",2007,"PROB","CORE","NLA_ND-10023","NPL_>50",12.21426265,0
"542","NLA06608-0531",2007,"PROB","CORE","NLA_ND-10024","NPL_(10,20]",46.24247441,0
"543","NLA06608-0579",2007,"PROB","CORE","NLA_ND-10025","NPL_>50",13.4493676,0
"544","NLA06608-0634",2007,"PROB","CORE","NLA_ND-10026","NPL_(10,20]",46.24247441,0
"545","NLA06608-0659",2007,"PROB","CORE","NLA_ND-10028","TPL_(20,50]",3.126926288,0
"546","NLA06608-0707",2007,"PROB","CORE","NLA_ND-10029","NPL_(10,20]",46.24247441,0
"547","NLA06608-0718",2007,"PROB","CORE","NLA_ND-10030","NPL_>50",12.21426265,0
"548","NLA06608-0762",2007,"PROB","CORE","NLA_ND-10031","NPL_(20,50]",30.84440695,0
"549","NLA06608-0766",2007,"PROB","CORE","NLA_ND-10032","TPL_>50",5.060407036,0
"550","NLA06608-0899",2007,"PROB","CORE","NLA_ND-10037","NPL_>50",12.21426265,0
"551","NLA06608-1006",2007,"PROB","CORE","NLA_ND-10039","NPL_>50",13.4493676,0
"552","NLA06608-1022",2007,"PROB","CORE","NLA_ND-10040","NPL_(10,20]",46.24247441,0
"553","NLA06608-1024",2007,"PROB","CORE","NLA_ND-10041","TPL_(4,10]",459.15,0
"554","NLA06608-1070",2007,"PROB","CORE","NLA_ND-10043","TPL_>50",62.54912107,0
"555","NLA06608-1086",2007,"PROB","CORE","NLA_ND-10044","NPL_(20,50]",30.84440695,0
"556","NLA06608-1091",2007,"PROB","CORE","NLA_ND-10045","NPL_>50",13.4493676,0
"557","NLA06608-1155",2007,"PROB","CORE","NLA_ND-10046","NPL_(10,20]",46.24247441,0
"558","NLA06608-1210",2007,"PROB","CORE","NLA_ND-10047","NPL_>50",12.21426265,0
"559","NLA06608-1219",2007,"PROB","CORE","NLA_ND-10049","NPL_>50",13.4493676,0
"560","NLA06608-1278",2007,"PROB","CORE","NLA_ND-10051","TPL_>50",2.975446803,0
"561","NLA06608-0016",2007,"PROB","CORE","NLA_NE-10010","SPL_>50",5.00449482,0
"562","NLA06608-0044",2007,"PROB","CORE","NLA_NE-10011","SPL_>50",5.00449482,0
"563","NLA06608-0124",2007,"PROB","CORE","NLA_NE-10014","SPL_(20,50]",17.15239224,0
"564","NLA06608-0216",2007,"PROB","CORE","NLA_NE-10015","TPL_(20,50]",32.82010764,0
"565","NLA06608-0220",2007,"PROB","CORE","NLA_NE-10016","SPL_(20,50]",17.15239224,0
"566","NLA06608-0344",2007,"PROB","CORE","NLA_NE-10019","TPL_>50",5.060407036,0
"567","NLA06608-0528",2007,"PROB","CORE","NLA_NE-10024","SPL_>50",2.407572005,0
"568","NLA06608-0648",2007,"PROB","CORE","NLA_NE-10029","SPL_(10,20]",18.38598311,0
"569","NLA06608-0692",2007,"PROB","CORE","NLA_NE-10030","SPL_(4,10]",187.90625,0
"570","NLA06608-0723",2007,"PROB","CORE","NLA_NE-10031","SPL_>50",4.544913633,0
"571","NLA06608-0764",2007,"PROB","CORE","NLA_NE-10034","SPL_>50",5.00449482,0
"572","NLA06608-0891",2007,"PROB","CORE","NLA_NE-10038","SPL_>50",4.544913633,0
"573","NLA06608-0924",2007,"PROB","CORE","NLA_NE-10039","SPL_(10,20]",18.38598311,0
"574","NLA06608-0940",2007,"PROB","CORE","NLA_NE-10040","SPL_>50",4.544913633,0
"575","NLA06608-1096",2007,"PROB","CORE","NLA_NE-10045","NPL_>50",4.217088893,0
"576","NLA06608-1148",2007,"PROB","CORE","NLA_NE-10046","SPL_>50",5.00449482,0
"577","NLA06608-1244",2007,"PROB","CORE","NLA_NE-10048","SPL_>50",5.00449482,0
"578","NLA06608-1360",2007,"PROB","CORE","NLA_NE-10052","SPL_>50",5.00449482,0
"579","NLA06608-1836",2007,"PROB","CORE","NLA_NE-10063","SPL_>50",4.544913633,0
"580","NLA06608-1948",2007,"PROB","CORE","NLA_NE-10066","SPL_>50",5.00449482,0
"581","NLA06608-2332",2007,"PROB","CORE","NLA_NE-10076","SPL_>50",2.407572005,0
"582","NLA06608-2640",2007,"PROB","CORE","NLA_NE-10083","SPL_>50",2.407572005,0
"583","NLA06608-2715",2007,"PROB","CORE","NLA_NE-10084","SPL_>50",5.00449482,0
"584","NLA06608-2740",2007,"PROB","CORE","NLA_NE-10086","SPL_>50",2.407572005,0
"585","NLA06608-2824",2007,"PROB","CORE","NLA_NE-10087","SPL_>50",4.544913633,0
"586","NLA06608-2972",2007,"PROB","CORE","NLA_NE-10088","SPL_>50",4.544913633,0
"587","NLA06608-3160",2007,"PROB","CORE","NLA_NE-10092","TPL_(20,50]",32.82010764,0
"588","NLA06608-3484",2007,"PROB","CORE","NLA_NE-10099","SPL_>50",5.00449482,0
"589","NLA06608-3608",2007,"PROB","CORE","NLA_NE-10103","TPL_(20,50]",32.82010764,0
"590","NLA06608-3644",2007,"PROB","CORE","NLA_NE-10105","SPL_(20,50]",17.15239224,0
"591","NLA06608-3656",2007,"PROB","CORE","NLA_NE-10106","SPL_(20,50]",17.15239224,0
"592","NLA06608-3660",2007,"PROB","CORE","NLA_NE-10107","SPL_(20,50]",17.15239224,0
"593","NLA06608-0050",2007,"PROB","CORE","NLA_NH-10004","NAP_(10,20]",136.1253373,0
"594","NLA06608-0162",2007,"PROB","CORE","NLA_NH-10005","NAP_>50",21.73949782,0
"595","NLA06608-0226",2007,"PROB","CORE","NLA_NH-10006","NAP_(4,10]",529.1504789,0
"596","NLA06608-0358",2007,"PROB","CORE","NLA_NH-10007","NAP_(10,20]",136.1253373,0
"597","NLA06608-0418",2007,"PROB","CORE","NLA_NH-10008","NAP_>50",21.73949782,0
"598","NLA06608-0470",2007,"PROB","CORE","NLA_NH-10009","NAP_>50",23.93779355,0
"599","NLA06608-0550",2007,"PROB","CORE","NLA_NH-10010","NAP_>50",21.73949782,0
"600","NLA06608-0662",2007,"PROB","CORE","NLA_NH-10012","NAP_>50",23.93779355,0
"601","NLA06608-0726",2007,"PROB","CORE","NLA_NH-10013","NAP_(10,20]",136.1253373,0
"602","NLA06608-0738",2007,"PROB","CORE","NLA_NH-10014","NAP_>50",21.73949782,0
"603","NLA06608-0930",2007,"PROB","CORE","NLA_NH-10015","NAP_>50",23.93779355,0
"604","NLA06608-0994",2007,"PROB","CORE","NLA_NH-10016","NAP_>50",23.93779355,0
"605","NLA06608-0013",2007,"PROB","CORE","NLA_NJ-10001","CPL_(20,50]",18.24089882,0
"606","NLA06608-0077",2007,"PROB","CORE","NLA_NJ-10002","NAP_>50",15.68157779,0
"607","NLA06608-0333",2007,"PROB","CORE","NLA_NJ-10004","SAP_>50",26.78973069,0
"608","NLA06608-0761",2007,"PROB","CORE","NLA_NJ-10005","SAP_(20,50]",14.45886352,0
"609","NLA06608-0781",2007,"PROB","CORE","NLA_NJ-10006","NAP_(20,50]",41.38144367,0
"610","NLA06608-1037",2007,"PROB","CORE","NLA_NJ-10010","CPL_>50",8.304192337,0
"611","NLA06608-1101",2007,"PROB","CORE","NLA_NJ-10011","NAP_>50",17.26729728,0
"612","NLA06608-1273",2007,"PROB","CORE","NLA_NJ-10012","SAP_(20,50]",14.45886352,0
"613","NLA06608-0015",2007,"PROB","CORE","NLA_NM-10001","XER_>50",1.841857454,0
"614","NLA06608-0116",2007,"PROB","CORE","NLA_NM-10002","XER_>50",1.98571884,0
"615","NLA06608-0260",2007,"PROB","CORE","NLA_NM-10003","WMT_>50",2.031393553,0
"616","NLA06608-0340",2007,"PROB","CORE","NLA_NM-10005","WMT_(10,20]",9.451642284,0
"617","NLA06608-0356",2007,"PROB","CORE","NLA_NM-10006","SPL_>50",0.819497381,0
"618","NLA06608-0564",2007,"PROB","CORE","NLA_NM-10009","XER_(20,50]",4.78196234,0
"619","NLA06608-0628",2007,"PROB","CORE","NLA_NM-10011","SPL_>50",0.902364869,0
"620","NLA06608-0996",2007,"PROB","CORE","NLA_NM-10015","SPL_(10,20]",3.31519281,0
"621","NLA06608-1124",2007,"PROB","CORE","NLA_NM-10017","SPL_>50",0.902364869,0
"622","NLA06608-1236",2007,"PROB","CORE","NLA_NM-10019","SPL_(10,20]",6.005905651,0
"623","NLA06608-1279",2007,"PROB","CORE","NLA_NM-10020","WMT_(10,20]",9.451642284,0
"624","NLA06608-1284",2007,"PROB","CORE","NLA_NM-10021","XER_>50",2.712585326,0
"625","NLA06608-1295",2007,"PROB","CORE","NLA_NM-10022","XER_(10,20]",8.404015854,0
"626","NLA06608-1300",2007,"PROB","CORE","NLA_NM-10023","SPL_>50",0.902364869,0
"627","NLA06608-1380",2007,"PROB","CORE","NLA_NM-10024","SPL_>50",0.902364869,0
"628","NLA06608-1508",2007,"PROB","CORE","NLA_NM-10027","SPL_(10,20]",3.31519281,0
"629","NLA06608-0733",2007,"PROB","CORE","NLA_NV-10003","XER_>50",2.712585326,0
"630","NLA06608-0073",2007,"PROB","CORE","NLA_NV-10005","XER_>50",2.297029124,0
"631","NLA06608-0237",2007,"PROB","CORE","NLA_NV-10007","XER_>50",2.086084481,0
"632","NLA06608-0585",2007,"PROB","CORE","NLA_NV-10013","XER_>50",2.297029124,0
"633","NLA06608-0797",2007,"PROB","CORE","NLA_NV-10017","XER_>50",2.086084481,0
"634","NLA06608-0889",2007,"PROB","CORE","NLA_NV-10019","XER_>50",2.297029124,0
"635","NLA06608-0905",2007,"PROB","CORE","NLA_NV-10020","WMT_>50",2.533404603,0
"636","NLA06608-0925",2007,"PROB","CORE","NLA_NV-10022","XER_>50",2.712585326,0
"637","NLA06608-1261",2007,"PROB","CORE","NLA_NV-10027","XER_>50",2.297029124,0
"638","NLA06608-1529",2007,"PROB","CORE","NLA_NV-10036","XER_>50",2.712585326,0
"639","NLA06608-1862",2007,"PROB","CORE","NLA_NV-10043","XER_>50",2.297029124,0
"640","NLA06608-1893",2007,"PROB","CORE","NLA_NV-10045","XER_>50",2.297029124,0
"641","NLA06608-2037",2007,"PROB","CORE","NLA_NV-10047","XER_(20,50]",5.963711656,0
"642","NLA06608-2185",2007,"PROB","CORE","NLA_NV-10053","XER_>50",2.712585326,0
"643","NLA06608-2453",2007,"PROB","CORE","NLA_NV-10057","XER_(20,50]",5.963711656,0
"644","NLA06608-2477",2007,"PROB","CORE","NLA_NV-10058","XER_>50",2.086084481,0
"645","NLA06608-2797",2007,"PROB","CORE","NLA_NV-10064","XER_(20,50]",5.963711656,0
"646","NLA06608-2889",2007,"PROB","CORE","NLA_NV-10066","XER_>50",2.712585326,0
"647","NLA06608-0021",2007,"PROB","CORE","NLA_NY-10002","NAP_>50",6.258879519,0
"648","NLA06608-0053",2007,"PROB","CORE","NLA_NY-10003","NAP_>50",6.258879519,0
"649","NLA06608-0229",2007,"PROB","CORE","NLA_NY-10004","NAP_>50",6.258879519,0
"650","NLA06608-0341",2007,"PROB","CORE","NLA_NY-10005","NAP_>50",6.258879519,0
"651","NLA06608-0421",2007,"PROB","CORE","NLA_NY-10006","NAP_(20,50]",177.6670295,0
"652","NLA06608-0533",2007,"PROB","CORE","NLA_NY-10007","NAP_>50",74.13538884,0
"653","NLA06608-0753",2007,"PROB","CORE","NLA_NY-10010","NAP_(20,50]",6.098692932,0
"654","NLA06608-0993",2007,"PROB","CORE","NLA_NY-10013","NAP_>50",67.3272631,0
"655","NLA06608-1045",2007,"PROB","CORE","NLA_NY-10014","NAP_>50",6.258879519,0
"656","NLA06608-1189",2007,"PROB","CORE","NLA_NY-10016","NAP_(20,50]",177.6670295,0
"657","NLA06608-1333",2007,"PROB","CORE","NLA_NY-10018","NAP_(10,20]",421.5804097,0
"658","NLA06608-1365",2007,"PROB","CORE","NLA_NY-10019","NAP_>50",67.3272631,0
"659","NLA06608-0031",2007,"PROB","CORE","NLA_OH-10003","SAP_(20,50]",15.83758156,0
"660","NLA06608-0111",2007,"PROB","CORE","NLA_OH-10004","NAP_>50",18.91381219,0
"661","NLA06608-0175",2007,"PROB","CORE","NLA_OH-10008","TPL_>50",9.105059829,0
"662","NLA06608-0271",2007,"PROB","CORE","NLA_OH-10009","TPL_>50",5.060407036,0
"663","NLA06608-0303",2007,"PROB","CORE","NLA_OH-10011","TPL_>50",5.060407036,0
"664","NLA06608-0367",2007,"PROB","CORE","NLA_OH-10012","NAP_>50",18.91381219,0
"665","NLA06608-0445",2007,"PROB","CORE","NLA_OH-10014","SAP_(20,50]",15.83758156,0
"666","NLA06608-0479",2007,"PROB","CORE","NLA_OH-10015","TPL_(10,20]",27.32465426,0
"667","NLA06608-0623",2007,"PROB","CORE","NLA_OH-10016","NAP_>50",17.17688717,0
"668","NLA06608-0783",2007,"PROB","CORE","NLA_OH-10017","TPL_>50",5.060407036,0
"669","NLA06608-0847",2007,"PROB","CORE","NLA_OH-10018","TPL_>50",5.060407036,0
"670","NLA06608-0863",2007,"PROB","CORE","NLA_OH-10019","SAP_>50",4.512108505,0
"671","NLA06608-0893",2007,"PROB","CORE","NLA_OH-10020","SAP_>50",7.88029375,0
"672","NLA06608-1007",2007,"PROB","CORE","NLA_OH-10022","TPL_>50",10.02576252,0
"673","NLA06608-1055",2007,"PROB","CORE","NLA_OH-10023","SAP_(10,20]",24.71651696,0
"674","NLA06608-1103",2007,"PROB","CORE","NLA_OH-10024","TPL_>50",5.060407036,0
"675","NLA06608-1359",2007,"PROB","CORE","NLA_OH-10030","TPL_>50",10.02576252,0
"676","NLA06608-1375",2007,"PROB","CORE","NLA_OH-10031","TPL_>50",5.060407036,0
"677","NLA06608-1391",2007,"PROB","CORE","NLA_OH-10032","NAP_>50",18.91381219,0
"678","NLA06608-0012",2007,"PROB","CORE","NLA_OK-10001","SPL_>50",3.861999151,0
"679","NLA06608-0120",2007,"PROB","CORE","NLA_OK-10003","SPL_>50",2.407572005,0
"680","NLA06608-0152",2007,"PROB","CORE","NLA_OK-10004","SPL_>50",4.252524096,0
"681","NLA06608-0180",2007,"PROB","CORE","NLA_OK-10005","SPL_>50",4.252524096,0
"682","NLA06608-0204",2007,"PROB","CORE","NLA_OK-10006","SPL_(20,50]",14.57508978,0
"683","NLA06608-0268",2007,"PROB","CORE","NLA_OK-10008","SPL_>50",4.252524096,0
"684","NLA06608-0284",2007,"PROB","CORE","NLA_OK-10009","SPL_(10,20]",15.62332244,0
"685","NLA06608-0332",2007,"PROB","CORE","NLA_OK-10011","SAP_>50",4.512108505,0
"686","NLA06608-0376",2007,"PROB","CORE","NLA_OK-10012","SPL_>50",10.458945,0
"687","NLA06608-0408",2007,"PROB","CORE","NLA_OK-10015","SPL_>50",3.861999151,0
"688","NLA06608-0440",2007,"PROB","CORE","NLA_OK-10016","SPL_>50",4.252524096,0
"689","NLA06608-0472",2007,"PROB","CORE","NLA_OK-10017","SAP_>50",14.42375195,0
"690","NLA06608-0540",2007,"PROB","CORE","NLA_OK-10020","SPL_(10,20]",15.62332244,0
"691","NLA06608-0616",2007,"PROB","CORE","NLA_OK-10023","SPL_(10,20]",15.62332244,0
"692","NLA06608-0696",2007,"PROB","CORE","NLA_OK-10025","SPL_(10,20]",15.62332244,0
"693","NLA06608-0756",2007,"PROB","CORE","NLA_OK-10026","SPL_>50",3.861999151,0
"694","NLA06608-0824",2007,"PROB","CORE","NLA_OK-10029","TPL_>50",18.35072604,0
"695","NLA06608-0856",2007,"PROB","CORE","NLA_OK-10030","SPL_>50",4.252524096,0
"696","NLA06608-0972",2007,"PROB","CORE","NLA_OK-10034","SPL_(20,50]",14.57508978,0
"697","NLA06608-0984",2007,"PROB","CORE","NLA_OK-10035","CPL_(10,20]",65.3509372,0
"698","NLA06608-1016",2007,"PROB","CORE","NLA_OK-10036","SPL_(20,50]",14.57508978,0
"699","NLA06608-1164",2007,"PROB","CORE","NLA_OK-10038","SPL_>50",4.252524096,0
"700","NLA06608-1240",2007,"PROB","CORE","NLA_OK-10040","SPL_(20,50]",14.57508978,0
"701","NLA06608-1336",2007,"PROB","CORE","NLA_OK-10043","SPL_(4,10]",187.90625,0
"702","NLA06608-1356",2007,"PROB","CORE","NLA_OK-10044","SAP_(4,10]",288.3333333,0
"703","NLA06608-1372",2007,"PROB","CORE","NLA_OK-10045","SPL_>50",2.407572005,0
"704","NLA06608-1420",2007,"PROB","CORE","NLA_OK-10047","SPL_(20,50]",14.57508978,0
"705","NLA06608-1432",2007,"PROB","CORE","NLA_OK-10048","SPL_(10,20]",15.62332244,0
"706","NLA06608-1488",2007,"PROB","CORE","NLA_OK-10049","SPL_(10,20]",15.62332244,0
"707","NLA06608-1524",2007,"PROB","CORE","NLA_OK-10050","SPL_>50",3.861999151,0
"708","NLA06608-1564",2007,"PROB","CORE","NLA_OK-10053","SPL_>50",4.252524096,0
"709","NLA06608-1568",2007,"PROB","CORE","NLA_OK-10054","SPL_>50",2.407572005,0
"710","NLA06608-1804",2007,"PROB","CORE","NLA_OK-10059","SPL_>50",2.407572005,0
"711","NLA06608-1868",2007,"PROB","CORE","NLA_OK-10060","SPL_>50",4.252524096,0
"712","NLA06608-1960",2007,"PROB","CORE","NLA_OK-10064","TPL_>50",18.35072604,0
"713","NLA06608-3320",2007,"PROB","CORE","NLA_OK-10065","SAP_>50",4.512108505,0
"714","NLA06608-3480",2007,"PROB","CORE","NLA_OK-10067","SPL_(10,20]",15.62332244,0
"715","NLA06608-3616",2007,"PROB","CORE","NLA_OK-10070","SPL_>50",3.861999151,0
"716","NLA06608-4056",2007,"PROB","CORE","NLA_OK-10077","SPL_>50",4.252524096,0
"717","NLA06608-4064",2007,"PROB","CORE","NLA_OK-10078","SPL_>50",3.861999151,0
"718","NLA06608-4206",2007,"PROB","CORE","NLA_OK-10080","SPL_(20,50]",22.06738082,0
"719","NLA06608-4320",2007,"PROB","CORE","NLA_OK-10083","TPL_>50",8.938259296,0
"720","NLA06608-4382",2007,"PROB","CORE","NLA_OK-10086","SPL_(10,20]",15.62332244,0
"721","NLA06608-4414",2007,"PROB","CORE","NLA_OK-10088","SAP_(20,50]",28.98843052,0
"722","NLA06608-4440",2007,"PROB","CORE","NLA_OK-10089","SPL_>50",4.252524096,0
"723","NLA06608-4472",2007,"PROB","CORE","NLA_OK-10090","SPL_>50",4.252524096,0
"724","NLA06608-4504",2007,"PROB","CORE","NLA_OK-10091","SPL_>50",4.252524096,0
"725","NLA06608-4610",2007,"PROB","CORE","NLA_OK-10092","SPL_(20,50]",14.57508978,0
"726","NLA06608-4643",2007,"PROB","CORE","NLA_OK-10093","SPL_>50",4.252524096,0
"727","NLA06608-4659",2007,"PROB","CORE","NLA_OK-10094","SPL_>50",3.861999151,0
"728","NLA06608-4828",2007,"PROB","CORE","NLA_OK-10097","SPL_(20,50]",14.57508978,0
"729","NLA06608-4929",2007,"PROB","CORE","NLA_OK-10098","SAP_(10,20]",45.24005336,0
"730","NLA06608-4949",2007,"PROB","CORE","NLA_OK-10099","TPL_>50",18.35072604,0
"731","NLA06608-0049",2007,"PROB","CORE","NLA_OR-10007","WMT_(10,20]",32.48323038,0
"732","NLA06608-0290",2007,"PROB","CORE","NLA_OR-10010","WMT_>50",6.34032319,0
"733","NLA06608-0306",2007,"PROB","CORE","NLA_OR-10011","XER_>50",6.330061827,0
"734","NLA06608-0402",2007,"PROB","CORE","NLA_OR-10014","WMT_(4,10]",199.875,0
"735","NLA06608-0406",2007,"PROB","CORE","NLA_OR-10015","WMT_>50",6.981456005,0
"736","NLA06608-0614",2007,"PROB","CORE","NLA_OR-10020","WMT_>50",6.34032319,0
"737","NLA06608-0625",2007,"PROB","CORE","NLA_OR-10021","WMT_(4,10]",199.875,0
"738","NLA06608-0658",2007,"PROB","CORE","NLA_OR-10023","WMT_>50",6.34032319,0
"739","NLA06608-0677",2007,"PROB","CORE","NLA_OR-10024","XER_>50",5.748748938,0
"740","NLA06608-0678",2007,"PROB","CORE","NLA_OR-10025","WMT_>50",6.981456005,0
"741","NLA06608-0870",2007,"PROB","CORE","NLA_OR-10031","WMT_>50",6.34032319,0
"742","NLA06608-0881",2007,"PROB","CORE","NLA_OR-10032","WMT_>50",6.981456005,0
"743","NLA06608-0933",2007,"PROB","CORE","NLA_OR-10033","WMT_>50",6.981456005,0
"744","NLA06608-0934",2007,"PROB","CORE","NLA_OR-10034","WMT_>50",2.774979131,0
"745","NLA06608-1058",2007,"PROB","CORE","NLA_OR-10036","WMT_>50",6.981456005,0
"746","NLA06608-1073",2007,"PROB","CORE","NLA_OR-10037","WMT_(20,50]",20.49679546,0
"747","NLA06608-1190",2007,"PROB","CORE","NLA_OR-10039","WMT_>50",6.981456005,0
"748","NLA06608-1266",2007,"PROB","CORE","NLA_OR-10040","XER_(10,20]",28.88276714,0
"749","NLA06608-1426",2007,"PROB","CORE","NLA_OR-10041","WMT_>50",6.981456005,0
"750","NLA06608-1445",2007,"PROB","CORE","NLA_OR-10044","XER_>50",6.330061827,0
"751","NLA06608-1446",2007,"PROB","CORE","NLA_OR-10045","WMT_(20,50]",20.49679546,0
"752","NLA06608-1638",2007,"PROB","CORE","NLA_OR-10047","WMT_>50",6.34032319,0
"753","NLA06608-1894",2007,"PROB","CORE","NLA_OR-10053","WMT_>50",17.17066445,0
"754","NLA06608-1958",2007,"PROB","CORE","NLA_OR-10055","WMT_>50",2.774979131,0
"755","NLA06608-2082",2007,"PROB","CORE","NLA_OR-10057","WMT_>50",6.981456005,0
"756","NLA06608-2438",2007,"PROB","CORE","NLA_OR-10061","XER_(20,50]",16.43456023,0
"757","NLA06608-2450",2007,"PROB","CORE","NLA_OR-10062","WMT_(10,20]",32.48323038,0
"758","NLA06608-2481",2007,"PROB","CORE","NLA_OR-10063","WMT_(4,10]",199.875,0
"759","NLA06608-2673",2007,"PROB","CORE","NLA_OR-10066","WMT_(10,20]",32.48323038,0
"760","NLA06608-2726",2007,"PROB","CORE","NLA_OR-10067","WMT_(20,50]",20.49679546,0
"761","NLA06608-0066",2007,"PROB","CORE","NLA_PA-10002","SAP_>50",12.2777791,0
"762","NLA06608-0149",2007,"PROB","CORE","NLA_PA-10004","NAP_(10,20]",167.5758121,0
"763","NLA06608-0185",2007,"PROB","CORE","NLA_PA-10005","NAP_>50",6.258879519,0
"764","NLA06608-0377",2007,"PROB","CORE","NLA_PA-10008","SAP_(4,10]",288.3333333,0
"765","NLA06608-0386",2007,"PROB","CORE","NLA_PA-10009","SAP_(20,50]",24.67551769,0
"766","NLA06608-0405",2007,"PROB","CORE","NLA_PA-10010","NAP_(10,20]",167.5758121,0
"767","NLA06608-0469",2007,"PROB","CORE","NLA_PA-10012","NAP_(10,20]",167.5758121,0
"768","NLA06608-0509",2007,"PROB","CORE","NLA_PA-10013","SAP_>50",4.512108505,0
"769","NLA06608-0514",2007,"PROB","CORE","NLA_PA-10014","SAP_>50",12.2777791,0
"770","NLA06608-0661",2007,"PROB","CORE","NLA_PA-10015","NAP_>50",26.76220367,0
"771","NLA06608-0765",2007,"PROB","CORE","NLA_PA-10017","SAP_(10,20]",38.50921615,0
"772","NLA06608-0869",2007,"PROB","CORE","NLA_PA-10019","NAP_(20,50]",70.62163247,0
"773","NLA06608-1145",2007,"PROB","CORE","NLA_PA-10020","SAP_>50",11.15026543,0
"774","NLA06608-1209",2007,"PROB","CORE","NLA_PA-10021","NAP_>50",6.258879519,0
"775","NLA06608-1401",2007,"PROB","CORE","NLA_PA-10022","SAP_>50",11.15026543,0
"776","NLA06608-1465",2007,"PROB","CORE","NLA_PA-10023","SAP_>50",4.512108505,0
"777","NLA06608-1637",2007,"PROB","CORE","NLA_PA-10025","NAP_(20,50]",70.62163247,0
"778","NLA06608-1789",2007,"PROB","CORE","NLA_PA-10027","SAP_(4,10]",288.3333333,0
"779","NLA06608-3846",2007,"PROB","CORE","NLA_RI-10001","NAP_(20,50]",14.77186009,0
"780","NLA06608-0562",2007,"PROB","CORE","NLA_RI-10008","NAP_>50",6.163876293,0
"781","NLA06608-0690",2007,"PROB","CORE","NLA_RI-10009","NAP_(20,50]",6.098692932,0
"782","NLA06608-1586",2007,"PROB","CORE","NLA_RI-10018","NAP_>50",5.597824836,0
"783","NLA06608-1906",2007,"PROB","CORE","NLA_RI-10021","NAP_>50",5.597824836,0
"784","NLA06608-2162",2007,"PROB","CORE","NLA_RI-10023","NAP_>50",5.597824836,0
"785","NLA06608-2354",2007,"PROB","CORE","NLA_RI-10025","NAP_(20,50]",14.77186009,0
"786","NLA06608-2418",2007,"PROB","CORE","NLA_RI-10026","NAP_>50",5.597824836,0
"787","NLA06608-2566",2007,"PROB","CORE","NLA_RI-10028","NAP_>50",5.597824836,0
"788","NLA06608-3698",2007,"PROB","CORE","NLA_RI-10040","NAP_>50",5.597824836,0
"789","NLA06608-3890",2007,"PROB","CORE","NLA_RI-10042","NAP_>50",6.163876293,0
"790","NLA06608-4413",2007,"PROB","CORE","NLA_RI-10046","NAP_>50",5.597824836,0
"791","NLA06608-0002",2007,"PROB","CORE","NLA_SC-10001","CPL_(10,20]",42.95628678,0
"792","NLA06608-0297",2007,"PROB","CORE","NLA_SC-10003","CPL_(4,10]",240.9418605,0
"793","NLA06608-0319",2007,"PROB","CORE","NLA_SC-10004","SAP_>50",9.480978417,0
"794","NLA06608-0831",2007,"PROB","CORE","NLA_SC-10006","SAP_>50",9.480978417,0
"795","NLA06608-1001",2007,"PROB","CORE","NLA_SC-10007","CPL_(10,20]",42.95628678,0
"796","NLA06608-1087",2007,"PROB","CORE","NLA_SC-10009","SAP_(4,10]",288.3333333,0
"797","NLA06608-0179",2007,"PROB","CORE","NLA_SD-10003","NPL_(10,20]",20.48235539,0
"798","NLA06608-0243",2007,"PROB","CORE","NLA_SD-10005","NPL_>50",5.95717964,0
"799","NLA06608-0247",2007,"PROB","CORE","NLA_SD-10006","TPL_>50",5.060407036,0
"800","NLA06608-0295",2007,"PROB","CORE","NLA_SD-10007","TPL_(10,20]",75.50875441,0
"801","NLA06608-0302",2007,"PROB","CORE","NLA_SD-10008","TPL_(10,20]",75.50875441,0
"802","NLA06608-0343",2007,"PROB","CORE","NLA_SD-10010","TPL_>50",27.70512053,0
"803","NLA06608-0407",2007,"PROB","CORE","NLA_SD-10013","TPL_(20,50]",42.10496711,0
"804","NLA06608-0471",2007,"PROB","CORE","NLA_SD-10015","TPL_>50",5.060407036,0
"805","NLA06608-0503",2007,"PROB","CORE","NLA_SD-10016","TPL_(20,50]",42.10496711,0
"806","NLA06608-0523",2007,"PROB","CORE","NLA_SD-10017","TPL_>50",5.060407036,0
"807","NLA06608-0595",2007,"PROB","CORE","NLA_SD-10019","NPL_>50",5.410109896,0
"808","NLA06608-0663",2007,"PROB","CORE","NLA_SD-10020","TPL_>50",25.1608573,0
"809","NLA06608-0727",2007,"PROB","CORE","NLA_SD-10023","TPL_(20,50]",42.10496711,0
"810","NLA06608-0755",2007,"PROB","CORE","NLA_SD-10025","NPL_(10,20]",20.48235539,0
"811","NLA06608-0779",2007,"PROB","CORE","NLA_SD-10026","TPL_(10,20]",75.50875441,0
"812","NLA06608-0807",2007,"PROB","CORE","NLA_SD-10029","TPL_(20,50]",42.10496711,0
"813","NLA06608-0851",2007,"PROB","CORE","NLA_SD-10031","NPL_>50",5.410109896,0
"814","NLA06608-0967",2007,"PROB","CORE","NLA_SD-10036","NPL_(20,50]",13.6620307,0
"815","NLA06608-0979",2007,"PROB","CORE","NLA_SD-10037","WMT_(20,50]",3.312520596,0
"816","NLA06608-1107",2007,"PROB","CORE","NLA_SD-10044","NPL_>50",5.410109896,0
"817","NLA06608-1255",2007,"PROB","CORE","NLA_SD-10047","TPL_(20,50]",42.10496711,0
"818","NLA06608-1319",2007,"PROB","CORE","NLA_SD-10048","TPL_>50",25.1608573,0
"819","NLA06608-1367",2007,"PROB","CORE","NLA_SD-10051","TPL_>50",25.1608573,0
"820","NLA06608-1511",2007,"PROB","CORE","NLA_SD-10055","TPL_>50",5.060407036,0
"821","NLA06608-1575",2007,"PROB","CORE","NLA_SD-10057","TPL_(10,20]",75.50875441,0
"822","NLA06608-1655",2007,"PROB","CORE","NLA_SD-10060","NPL_(10,20]",20.48235539,0
"823","NLA06608-1687",2007,"PROB","CORE","NLA_SD-10061","TPL_>50",5.060407036,0
"824","NLA06608-1703",2007,"PROB","CORE","NLA_SD-10063","TPL_>50",5.060407036,0
"825","NLA06608-1719",2007,"PROB","CORE","NLA_SD-10064","NPL_(20,50]",20.68496584,0
"826","NLA06608-1811",2007,"PROB","CORE","NLA_SD-10068","NPL_>50",5.95717964,0
"827","NLA06608-1879",2007,"PROB","CORE","NLA_SD-10069","TPL_>50",5.060407036,0
"828","NLA06608-1959",2007,"PROB","CORE","NLA_SD-10073","TPL_>50",5.060407036,0
"829","NLA06608-2007",2007,"PROB","CORE","NLA_SD-10075","TPL_>50",25.1608573,0
"830","NLA06608-2087",2007,"PROB","CORE","NLA_SD-10078","TPL_(20,50]",42.10496711,0
"831","NLA06608-2103",2007,"PROB","CORE","NLA_SD-10079","NPL_>50",5.95717964,0
"832","NLA06608-2123",2007,"PROB","CORE","NLA_SD-10081","TPL_(20,50]",42.10496711,0
"833","NLA06608-2131",2007,"PROB","CORE","NLA_SD-10082","NPL_>50",5.410109896,0
"834","NLA06608-2135",2007,"PROB","CORE","NLA_SD-10083","TPL_>50",5.060407036,0
"835","NLA06608-0239",2007,"PROB","CORE","NLA_TN-10002","SAP_>50",4.512108505,0
"836","NLA06608-0255",2007,"PROB","CORE","NLA_TN-10003","SAP_(20,50]",12.54986931,0
"837","NLA06608-0484",2007,"PROB","CORE","NLA_TN-10005","CPL_(20,50]",15.83256499,0
"838","NLA06608-0751",2007,"PROB","CORE","NLA_TN-10007","SAP_>50",6.244429195,0
"839","NLA06608-0820",2007,"PROB","CORE","NLA_TN-10010","SAP_(20,50]",12.54986931,0
"840","NLA06608-1044",2007,"PROB","CORE","NLA_TN-10014","SAP_>50",4.512108505,0
"841","NLA06608-1220",2007,"PROB","CORE","NLA_TN-10016","CPL_>50",6.545876919,0
"842","NLA06608-1364",2007,"PROB","CORE","NLA_TN-10017","SAP_(10,20]",19.58563286,0
"843","NLA06608-1396",2007,"PROB","CORE","NLA_TN-10019","SAP_(10,20]",19.58563286,0
"844","NLA06608-1652",2007,"PROB","CORE","NLA_TN-10022","SAP_>50",4.512108505,0
"845","NLA06608-1668",2007,"PROB","CORE","NLA_TN-10023","SAP_>50",4.512108505,0
"846","NLA06608-1791",2007,"PROB","CORE","NLA_TN-10024","SAP_(10,20]",19.58563286,0
"847","NLA06608-1348",2007,"PROB","CORE","NLA_TN-10025","SAP_>50",4.512108505,0
"848","NLA06608-0003",2007,"PROB","CORE","NLA_TX-10010","CPL_(4,10]",240.9418605,0
"849","NLA06608-0023",2007,"PROB","CORE","NLA_TX-10011","SPL_(4,10]",187.90625,0
"850","NLA06608-0024",2007,"PROB","CORE","NLA_TX-10012","CPL_>50",2.634200571,0
"851","NLA06608-0072",2007,"PROB","CORE","NLA_TX-10013","SPL_(4,10]",187.90625,0
"852","NLA06608-0144",2007,"PROB","CORE","NLA_TX-10016","SPL_>50",17.76725312,0
"853","NLA06608-0244",2007,"PROB","CORE","NLA_TX-10017","SPL_>50",2.407572005,0
"854","NLA06608-0280",2007,"PROB","CORE","NLA_TX-10018","CPL_(4,10]",240.9418605,0
"855","NLA06608-0456",2007,"PROB","CORE","NLA_TX-10020","SPL_>50",2.407572005,0
"856","NLA06608-0483",2007,"PROB","CORE","NLA_TX-10021","XER_>50",2.712585326,0
"857","NLA06608-0560",2007,"PROB","CORE","NLA_TX-10023","SPL_>50",2.407572005,0
"858","NLA06608-0599",2007,"PROB","CORE","NLA_TX-10024","CPL_>50",2.634200571,0
"859","NLA06608-0712",2007,"PROB","CORE","NLA_TX-10027","SPL_(10,20]",65.27500326,0
"860","NLA06608-0775",2007,"PROB","CORE","NLA_TX-10030","SPL_(4,10]",187.90625,0
"861","NLA06608-0792",2007,"PROB","CORE","NLA_TX-10031","SPL_>50",2.407572005,0
"862","NLA06608-1047",2007,"PROB","CORE","NLA_TX-10035","CPL_>50",2.634200571,0
"863","NLA06608-1191",2007,"PROB","CORE","NLA_TX-10038","SPL_>50",16.13562084,0
"864","NLA06608-1224",2007,"PROB","CORE","NLA_TX-10040","SPL_>50",16.13562084,0
"865","NLA06608-1368",2007,"PROB","CORE","NLA_TX-10043","SPL_(10,20]",65.27500326,0
"866","NLA06608-1436",2007,"PROB","CORE","NLA_TX-10044","SPL_>50",17.76725312,0
"867","NLA06608-1496",2007,"PROB","CORE","NLA_TX-10045","SPL_(4,10]",187.90625,0
"868","NLA06608-1560",2007,"PROB","CORE","NLA_TX-10048","CPL_>50",2.634200571,0
"869","NLA06608-1623",2007,"PROB","CORE","NLA_TX-10049","CPL_(4,10]",240.9418605,0
"870","NLA06608-1630",2007,"PROB","CORE","NLA_TX-10051","SPL_>50",17.76725312,0
"871","NLA06608-1672",2007,"PROB","CORE","NLA_TX-10054","SPL_(10,20]",65.27500326,0
"872","NLA06608-1715",2007,"PROB","CORE","NLA_TX-10057","SPL_(4,10]",187.90625,0
"873","NLA06608-1992",2007,"PROB","CORE","NLA_TX-10064","CPL_(4,10]",240.9418605,0
"874","NLA06608-2072",2007,"PROB","CORE","NLA_TX-10066","CPL_(4,10]",240.9418605,0
"875","NLA06608-2094",2007,"PROB","CORE","NLA_TX-10067","CPL_(4,10]",240.9418605,0
"876","NLA06608-2120",2007,"PROB","CORE","NLA_TX-10069","SPL_(10,20]",65.27500326,0
"877","NLA06608-2663",2007,"PROB","CORE","NLA_TX-10075","CPL_(20,50]",152.7954018,0
"878","NLA06608-2696",2007,"PROB","CORE","NLA_TX-10076","SPL_>50",17.76725312,0
"879","NLA06608-2704",2007,"PROB","CORE","NLA_TX-10077","SPL_(20,50]",60.89543607,0
"880","NLA06608-2759",2007,"PROB","CORE","NLA_TX-10078","SPL_(20,50]",60.89543607,0
"881","NLA06608-2776",2007,"PROB","CORE","NLA_TX-10079","SPL_(10,20]",65.27500326,0
"882","NLA06608-2807",2007,"PROB","CORE","NLA_TX-10081","SPL_>50",2.407572005,0
"883","NLA06608-2924",2007,"PROB","CORE","NLA_TX-10083","SPL_>50",16.13562084,0
"884","NLA06608-2996",2007,"PROB","CORE","NLA_TX-10084","SPL_>50",16.13562084,0
"885","NLA06608-3032",2007,"PROB","CORE","NLA_TX-10087","SPL_(4,10]",187.90625,0
"886","NLA06608-3083",2007,"PROB","CORE","NLA_TX-10089","CPL_>50",2.634200571,0
"887","NLA06608-3096",2007,"PROB","CORE","NLA_TX-10090","CPL_(10,20]",273.0394035,0
"888","NLA06608-3228",2007,"PROB","CORE","NLA_TX-10093","SPL_>50",2.407572005,0
"889","NLA06608-3303",2007,"PROB","CORE","NLA_TX-10094","SPL_>50",2.407572005,0
"890","NLA06608-0105",2007,"PROB","CORE","NLA_UT-10003","WMT_>50",2.774979131,0
"891","NLA06608-0169",2007,"PROB","CORE","NLA_UT-10004","WMT_>50",5.015004799,0
"892","NLA06608-0425",2007,"PROB","CORE","NLA_UT-10010","WMT_>50",5.522121555,0
"893","NLA06608-0637",2007,"PROB","CORE","NLA_UT-10013","WMT_>50",2.787888706,0
"894","NLA06608-0671",2007,"PROB","CORE","NLA_UT-10015","WMT_(4,10]",199.875,0
"895","NLA06608-0825",2007,"PROB","CORE","NLA_UT-10018","XER_(20,50]",2.863468749,0
"896","NLA06608-0850",2007,"PROB","CORE","NLA_UT-10020","WMT_>50",5.522121555,0
"897","NLA06608-0927",2007,"PROB","CORE","NLA_UT-10022","XER_>50",2.712585326,0
"898","NLA06608-0962",2007,"PROB","CORE","NLA_UT-10023","WMT_>50",2.774979131,0
"899","NLA06608-1119",2007,"PROB","CORE","NLA_UT-10027","WMT_(20,50]",16.21234825,0
"900","NLA06608-1170",2007,"PROB","CORE","NLA_UT-10028","WMT_>50",5.522121555,0
"901","NLA06608-1183",2007,"PROB","CORE","NLA_UT-10029","WMT_(10,20]",25.69325748,0
"902","NLA06608-1321",2007,"PROB","CORE","NLA_UT-10032","WMT_>50",2.774979131,0
"903","NLA06608-1439",2007,"PROB","CORE","NLA_UT-10036","XER_>50",5.006888366,0
"904","NLA06608-1631",2007,"PROB","CORE","NLA_UT-10039","XER_>50",4.547087371,0
"905","NLA06608-1695",2007,"PROB","CORE","NLA_UT-10040","WMT_(10,20]",25.69325748,0
"906","NLA06608-1753",2007,"PROB","CORE","NLA_UT-10042","WMT_>50",2.774979131,0
"907","NLA06608-1810",2007,"PROB","CORE","NLA_UT-10043","XER_>50",2.712585326,0
"908","NLA06608-1874",2007,"PROB","CORE","NLA_UT-10044","WMT_>50",2.774979131,0
"909","NLA06608-2322",2007,"PROB","CORE","NLA_UT-10049","WMT_(20,50]",15.03779581,0
"910","NLA06608-2345",2007,"PROB","CORE","NLA_UT-10050","XER_>50",2.712585326,0
"911","NLA06608-2429",2007,"PROB","CORE","NLA_UT-10051","XER_>50",5.006888366,0
"912","NLA06608-2457",2007,"PROB","CORE","NLA_UT-10052","WMT_>50",5.015004799,0
"913","NLA06608-2463",2007,"PROB","CORE","NLA_UT-10053","XER_>50",2.712585326,0
"914","NLA06608-2655",2007,"PROB","CORE","NLA_UT-10055","XER_(20,50]",12.99924245,0
"915","NLA06608-2685",2007,"PROB","CORE","NLA_UT-10056","WMT_(20,50]",16.21234825,0
"916","NLA06608-0045",2007,"PROB","CORE","NLA_VA-10011","SAP_(20,50]",17.1455961,0
"917","NLA06608-0153",2007,"PROB","CORE","NLA_VA-10013","SAP_(20,50]",17.1455961,0
"918","NLA06608-0221",2007,"PROB","CORE","NLA_VA-10014","CPL_(10,20]",38.65268846,0
"919","NLA06608-0324",2007,"PROB","CORE","NLA_VA-10016","SAP_(20,50]",17.1455961,0
"920","NLA06608-0345",2007,"PROB","CORE","NLA_VA-10017","SAP_(10,20]",26.75783644,0
"921","NLA06608-0413",2007,"PROB","CORE","NLA_VA-10018","SAP_(4,10]",288.3333333,0
"922","NLA06608-0489",2007,"PROB","CORE","NLA_VA-10019","SAP_(20,50]",17.1455961,0
"923","NLA06608-0493",2007,"PROB","CORE","NLA_VA-10020","SAP_>50",8.531121577,0
"924","NLA06608-0541",2007,"PROB","CORE","NLA_VA-10021","SAP_(10,20]",26.75783644,0
"925","NLA06608-0580",2007,"PROB","CORE","NLA_VA-10022","SAP_>50",4.512108505,0
"926","NLA06608-0749",2007,"PROB","CORE","NLA_VA-10023","SAP_(10,20]",26.75783644,0
"927","NLA06608-0989",2007,"PROB","CORE","NLA_VA-10025","SAP_(20,50]",17.1455961,0
"928","NLA06608-1005",2007,"PROB","CORE","NLA_VA-10026","SAP_(4,10]",288.3333333,0
"929","NLA06608-1517",2007,"PROB","CORE","NLA_VA-10031","SAP_(20,50]",17.1455961,0
"930","NLA06608-0038",2007,"PROB","CORE","NLA_VT-10004","NAP_>50",9.414687765,0
"931","NLA06608-0113",2007,"PROB","CORE","NLA_VT-10005","NAP_>50",8.550102322,0
"932","NLA06608-0177",2007,"PROB","CORE","NLA_VT-10006","NAP_(20,50]",22.56249862,0
"933","NLA06608-0294",2007,"PROB","CORE","NLA_VT-10007","NAP_>50",8.550102322,0
"934","NLA06608-0369",2007,"PROB","CORE","NLA_VT-10008","NAP_>50",9.414687765,0
"935","NLA06608-0433",2007,"PROB","CORE","NLA_VT-10009","NAP_>50",2.376562723,0
"936","NLA06608-0806",2007,"PROB","CORE","NLA_VT-10010","NAP_(20,50]",22.56249862,0
"937","NLA06608-0982",2007,"PROB","CORE","NLA_VT-10011","NAP_>50",8.550102322,0
"938","NLA06608-0997",2007,"PROB","CORE","NLA_VT-10012","NAP_(20,50]",22.56249862,0
"939","NLA06608-0033",2007,"PROB","CORE","NLA_WA-10005","WMT_(10,20]",48.29028731,0
"940","NLA06608-0081",2007,"PROB","CORE","NLA_WA-10006","WMT_(10,20]",48.29028731,0
"941","NLA06608-0086",2007,"PROB","CORE","NLA_WA-10007","WMT_>50",10.3787866,0
"942","NLA06608-0193",2007,"PROB","CORE","NLA_WA-10008","WMT_>50",9.425664411,0
"943","NLA06608-0209",2007,"PROB","CORE","NLA_WA-10009","WMT_>50",2.774979131,0
"944","NLA06608-0337",2007,"PROB","CORE","NLA_WA-10010","WMT_>50",9.425664411,0
"945","NLA06608-0449",2007,"PROB","CORE","NLA_WA-10012","WMT_(20,50]",30.47098856,0
"946","NLA06608-0529",2007,"PROB","CORE","NLA_WA-10014","XER_>50",2.712585326,0
"947","NLA06608-0593",2007,"PROB","CORE","NLA_WA-10015","WMT_(10,20]",48.29028731,0
"948","NLA06608-0641",2007,"PROB","CORE","NLA_WA-10016","WMT_(20,50]",30.47098856,0
"949","NLA06608-0721",2007,"PROB","CORE","NLA_WA-10017","WMT_>50",9.425664411,0
"950","NLA06608-0785",2007,"PROB","CORE","NLA_WA-10019","XER_>50",8.546217069,0
"951","NLA06608-0849",2007,"PROB","CORE","NLA_WA-10020","WMT_>50",2.774979131,0
"952","NLA06608-1041",2007,"PROB","CORE","NLA_WA-10022","XER_>50",8.546217069,0
"953","NLA06608-1057",2007,"PROB","CORE","NLA_WA-10023","WMT_>50",10.3787866,0
"954","NLA06608-1217",2007,"PROB","CORE","NLA_WA-10025","WMT_>50",10.3787866,0
"955","NLA06608-1297",2007,"PROB","CORE","NLA_WA-10026","XER_>50",9.410409638,0
"956","NLA06608-1425",2007,"PROB","CORE","NLA_WA-10028","WMT_(10,20]",48.29028731,0
"957","NLA06608-1489",2007,"PROB","CORE","NLA_WA-10029","WMT_(20,50]",30.47098856,0
"958","NLA06608-1617",2007,"PROB","CORE","NLA_WA-10031","WMT_>50",9.425664411,0
"959","NLA06608-1873",2007,"PROB","CORE","NLA_WA-10034","WMT_>50",10.3787866,0
"960","NLA06608-2134",2007,"PROB","CORE","NLA_WA-10039","WMT_(20,50]",30.47098856,0
"961","NLA06608-2193",2007,"PROB","CORE","NLA_WA-10040","WMT_(10,20]",48.29028731,0
"962","NLA06608-2241",2007,"PROB","CORE","NLA_WA-10041","WMT_>50",10.3787866,0
"963","NLA06608-2257",2007,"PROB","CORE","NLA_WA-10042","WMT_(4,10]",199.875,0
"964","NLA06608-2513",2007,"PROB","CORE","NLA_WA-10046","WMT_>50",2.774979131,0
"965","NLA06608-2753",2007,"PROB","CORE","NLA_WA-10050","XER_(20,50]",2.863468749,0
"966","NLA06608-2833",2007,"PROB","CORE","NLA_WA-10052","XER_>50",8.546217069,0
"967","NLA06608-3153",2007,"PROB","CORE","NLA_WA-10059","WMT_>50",9.425664411,0
"968","NLA06608-3265",2007,"PROB","CORE","NLA_WA-10060","WMT_(20,50]",30.47098856,0
"969","NLA06608-0007",2007,"PROB","CORE","NLA_WI-10005","UMW_notMI_UP_(20,50]",112.0054708,0
"970","NLA06608-0099",2007,"PROB","CORE","NLA_WI-10007","TPL_>50",5.060407036,0
"971","NLA06608-0115",2007,"PROB","CORE","NLA_WI-10008","UMW_notMI_UP_(4,10]",493.2,0
"972","NLA06608-0142",2007,"PROB","CORE","NLA_WI-10009","UMW_notMI_UP_>50",34.86942189,0
"973","NLA06608-0158",2007,"PROB","CORE","NLA_WI-10010","UMW_notMI_UP_>50",34.86942189,0
"974","NLA06608-0183",2007,"PROB","CORE","NLA_WI-10011","UMW_notMI_UP_>50",4.038622147,0
"975","NLA06608-0291",2007,"PROB","CORE","NLA_WI-10013","TPL_>50",5.060407036,0
"976","NLA06608-0350",2007,"PROB","CORE","NLA_WI-10015","UMW_notMI_UP_(20,50]",112.0054708,0
"977","NLA06608-0414",2007,"PROB","CORE","NLA_WI-10017","UMW_notMI_UP_(10,20]",239.6580973,0
"978","NLA06608-0435",2007,"PROB","CORE","NLA_WI-10018","UMW_notMI_UP_>50",34.86942189,0
"979","NLA06608-0467",2007,"PROB","CORE","NLA_WI-10019","TPL_>50",5.060407036,0
"980","NLA06608-0542",2007,"PROB","CORE","NLA_WI-10020","UMW_notMI_UP_(4,10]",493.2,0
"981","NLA06608-0547",2007,"PROB","CORE","NLA_WI-10021","UMW_notMI_UP_>50",34.86942189,0
"982","NLA06608-0590",2007,"PROB","CORE","NLA_WI-10023","UMW_notMI_UP_(20,50]",112.0054708,0
"983","NLA06608-0606",2007,"PROB","CORE","NLA_WI-10024","UMW_notMI_UP_>50",31.66723448,0
"984","NLA06608-0611",2007,"PROB","CORE","NLA_WI-10025","TPL_>50",5.060407036,0
"985","NLA06608-0627",2007,"PROB","CORE","NLA_WI-10026","UMW_notMI_UP_>50",31.66723448,0
"986","NLA06608-0654",2007,"PROB","CORE","NLA_WI-10027","UMW_notMI_UP_(20,50]",112.0054708,0
"987","NLA06608-0823",2007,"PROB","CORE","NLA_WI-10028","UMW_notMI_UP_>50",85.76021144,0
"988","NLA06608-0846",2007,"PROB","CORE","NLA_WI-10029","UMW_notMI_UP_>50",4.038622147,0
"989","NLA06608-0859",2007,"PROB","CORE","NLA_WI-10030","TPL_>50",5.060407036,0
"990","NLA06608-0862",2007,"PROB","CORE","NLA_WI-10031","UMW_notMI_UP_(10,20]",239.6580973,0
"991","NLA06608-0926",2007,"PROB","CORE","NLA_WI-10033","UMW_notMI_UP_>50",31.66723448,0
"992","NLA06608-1059",2007,"PROB","CORE","NLA_WI-10034","TPL_>50",5.060407036,0
"993","NLA06608-1075",2007,"PROB","CORE","NLA_WI-10035","UMW_notMI_UP_(20,50]",112.0054708,0
"994","NLA06608-1143",2007,"PROB","CORE","NLA_WI-10037","UMW_notMI_UP_(4,10]",493.2,0
"995","NLA06608-1166",2007,"PROB","CORE","NLA_WI-10038","UMW_notMI_UP_(20,50]",5.274564596,0
"996","NLA06608-1207",2007,"PROB","CORE","NLA_WI-10040","UMW_notMI_UP_(20,50]",112.0054708,0
"997","NLA06608-1242",2007,"PROB","CORE","NLA_WI-10042","TPL_(20,50]",111.3162821,0
"998","NLA06608-0041",2007,"PROB","CORE","NLA_WV-10003","SAP_>50",4.512108505,0
"999","NLA06608-0189",2007,"PROB","CORE","NLA_WV-10005","SAP_(10,20]",2.593027449,0
"1000","NLA06608-0537",2007,"PROB","CORE","NLA_WV-10006","SAP_(20,50]",1.661531994,0
"1001","NLA06608-0681",2007,"PROB","CORE","NLA_WV-10008","SAP_>50",2.033308829,0
"1002","NLA06608-0793",2007,"PROB","CORE","NLA_WV-10009","SAP_>50",0.750805839,0
"1003","NLA06608-0957",2007,"PROB","CORE","NLA_WV-10010","SAP_(10,20]",2.593027449,0
"1004","NLA06608-1346",2007,"PROB","CORE","NLA_WV-10013","SAP_>50",0.750805839,0
"1005","NLA06608-1561",2007,"PROB","CORE","NLA_WV-10014","SAP_(20,50]",1.661531994,0
"1006","NLA06608-0042",2007,"PROB","CORE","NLA_WY-10002","WMT_>50",8.778909034,0
"1007","NLA06608-0090",2007,"PROB","CORE","NLA_WY-10003","WMT_(4,10]",199.875,0
"1008","NLA06608-0794",2007,"PROB","CORE","NLA_WY-10015","XER_>50",2.712585326,0
"1009","NLA06608-0842",2007,"PROB","CORE","NLA_WY-10016","WMT_(10,20]",44.97678053,0
"1010","NLA06608-0906",2007,"PROB","CORE","NLA_WY-10018","WMT_>50",9.66663139,0
"1011","NLA06608-0922",2007,"PROB","CORE","NLA_WY-10019","NPL_>50",4.322733222,0
"1012","NLA06608-0950",2007,"PROB","CORE","NLA_WY-10021","XER_>50",2.712585326,0
"1013","NLA06608-0955",2007,"PROB","CORE","NLA_WY-10022","WMT_>50",8.778909034,0
"1014","NLA06608-0970",2007,"PROB","CORE","NLA_WY-10023","XER_>50",9.449282759,0
"1015","NLA06608-1259",2007,"PROB","CORE","NLA_WY-10026","WMT_(10,20]",44.97678053,0
"1016","NLA06608-1270",2007,"PROB","CORE","NLA_WY-10027","XER_>50",8.764700991,0
"1017","NLA06608-1562",2007,"PROB","CORE","NLA_WY-10033","XER_>50",8.764700991,0
"1018","NLA06608-1674",2007,"PROB","CORE","NLA_WY-10035","WMT_(4,10]",199.875,0
"1019","NLA06608-1723",2007,"PROB","CORE","NLA_WY-10036","SPL_>50",3.89967719,0
"1020","NLA06608-1818",2007,"PROB","CORE","NLA_WY-10038","WMT_>50",8.778909034,0
"1021","NLA06608-1866",2007,"PROB","CORE","NLA_WY-10039","XER_(10,20]",39.99152372,0
"1022","NLA06608-2027",2007,"PROB","CORE","NLA_WY-10041","WMT_(10,20]",44.97678053,0
"1023","NLA06608-2095",2007,"PROB","CORE","NLA_WY-10042","XER_>50",2.712585326,0
"1024","NLA06608-2250",2007,"PROB","CORE","NLA_WY-10044","WMT_>50",9.66663139,0
"1025","NLA06608-2266",2007,"PROB","CORE","NLA_WY-10045","NPL_(10,20]",13.69902283,0
"1026","NLA06608-2379",2007,"PROB","CORE","NLA_WY-10048","XER_>50",7.959806221,0
"1027","NLA06608-2634",2007,"PROB","CORE","NLA_WY-10052","WMT_(10,20]",44.97678053,0
"1028","NLA06608-2714",2007,"PROB","CORE","NLA_WY-10053","WMT_(20,50]",28.38017833,0
